job_id	partition	method	dataset	epoch	repeat	result_path	config_path
10782771	gpu-h100-nvl	UFMR	tedlium	1	2	/mnt/parscratch/users/acp21rjf/symphony-workspaces-learning-to-augment/ROB-337/exp/results/repro/learnt_augmentation_repeats/rob337/UFMR/tedlium_epoch1_lr1e-5_repeat2.txt	/mnt/parscratch/users/acp21rjf/symphony-workspaces-learning-to-augment/ROB-337/exp/results/repro/learnt_augmentation_repeats/rob337/UFMR/configs/tedlium_epoch1_lr1e-5_repeat2.yaml
10782772	gpu-h100	UFMR	tedlium	1	3	/mnt/parscratch/users/acp21rjf/symphony-workspaces-learning-to-augment/ROB-337/exp/results/repro/learnt_augmentation_repeats/rob337/UFMR/tedlium_epoch1_lr1e-5_repeat3.txt	/mnt/parscratch/users/acp21rjf/symphony-workspaces-learning-to-augment/ROB-337/exp/results/repro/learnt_augmentation_repeats/rob337/UFMR/configs/tedlium_epoch1_lr1e-5_repeat3.yaml
10782773	gpu	UFMR	tedlium	5	2	/mnt/parscratch/users/acp21rjf/symphony-workspaces-learning-to-augment/ROB-337/exp/results/repro/learnt_augmentation_repeats/rob337/UFMR/tedlium_epoch5_lr1e-5_repeat2.txt	/mnt/parscratch/users/acp21rjf/symphony-workspaces-learning-to-augment/ROB-337/exp/results/repro/learnt_augmentation_repeats/rob337/UFMR/configs/tedlium_epoch5_lr1e-5_repeat2.yaml
10782774	gpu-h100-nvl	UFMR	tedlium	5	3	/mnt/parscratch/users/acp21rjf/symphony-workspaces-learning-to-augment/ROB-337/exp/results/repro/learnt_augmentation_repeats/rob337/UFMR/tedlium_epoch5_lr1e-5_repeat3.txt	/mnt/parscratch/users/acp21rjf/symphony-workspaces-learning-to-augment/ROB-337/exp/results/repro/learnt_augmentation_repeats/rob337/UFMR/configs/tedlium_epoch5_lr1e-5_repeat3.yaml
10782775	gpu-h100	UFMR	earnings22	1	2	/mnt/parscratch/users/acp21rjf/symphony-workspaces-learning-to-augment/ROB-337/exp/results/repro/learnt_augmentation_repeats/rob337/UFMR/earnings22_epoch1_lr1e-5_repeat2.txt	/mnt/parscratch/users/acp21rjf/symphony-workspaces-learning-to-augment/ROB-337/exp/results/repro/learnt_augmentation_repeats/rob337/UFMR/configs/earnings22_epoch1_lr1e-5_repeat2.yaml
10782776	gpu	UFMR	earnings22	1	3	/mnt/parscratch/users/acp21rjf/symphony-workspaces-learning-to-augment/ROB-337/exp/results/repro/learnt_augmentation_repeats/rob337/UFMR/earnings22_epoch1_lr1e-5_repeat3.txt	/mnt/parscratch/users/acp21rjf/symphony-workspaces-learning-to-augment/ROB-337/exp/results/repro/learnt_augmentation_repeats/rob337/UFMR/configs/earnings22_epoch1_lr1e-5_repeat3.yaml
10782777	gpu-h100-nvl	UFMR	earnings22	5	2	/mnt/parscratch/users/acp21rjf/symphony-workspaces-learning-to-augment/ROB-337/exp/results/repro/learnt_augmentation_repeats/rob337/UFMR/earnings22_epoch5_lr1e-5_repeat2.txt	/mnt/parscratch/users/acp21rjf/symphony-workspaces-learning-to-augment/ROB-337/exp/results/repro/learnt_augmentation_repeats/rob337/UFMR/configs/earnings22_epoch5_lr1e-5_repeat2.yaml
10782778	gpu-h100	UFMR	earnings22	5	3	/mnt/parscratch/users/acp21rjf/symphony-workspaces-learning-to-augment/ROB-337/exp/results/repro/learnt_augmentation_repeats/rob337/UFMR/earnings22_epoch5_lr1e-5_repeat3.txt	/mnt/parscratch/users/acp21rjf/symphony-workspaces-learning-to-augment/ROB-337/exp/results/repro/learnt_augmentation_repeats/rob337/UFMR/configs/earnings22_epoch5_lr1e-5_repeat3.yaml
10782779	gpu	UFMR	rev16	1	2	/mnt/parscratch/users/acp21rjf/symphony-workspaces-learning-to-augment/ROB-337/exp/results/repro/learnt_augmentation_repeats/rob337/UFMR/rev16_epoch1_lr1e-5_repeat2.txt	/mnt/parscratch/users/acp21rjf/symphony-workspaces-learning-to-augment/ROB-337/exp/results/repro/learnt_augmentation_repeats/rob337/UFMR/configs/rev16_epoch1_lr1e-5_repeat2.yaml
10782780	gpu-h100-nvl	UFMR	rev16	1	3	/mnt/parscratch/users/acp21rjf/symphony-workspaces-learning-to-augment/ROB-337/exp/results/repro/learnt_augmentation_repeats/rob337/UFMR/rev16_epoch1_lr1e-5_repeat3.txt	/mnt/parscratch/users/acp21rjf/symphony-workspaces-learning-to-augment/ROB-337/exp/results/repro/learnt_augmentation_repeats/rob337/UFMR/configs/rev16_epoch1_lr1e-5_repeat3.yaml
10782781	gpu-h100	UFMR	rev16	5	2	/mnt/parscratch/users/acp21rjf/symphony-workspaces-learning-to-augment/ROB-337/exp/results/repro/learnt_augmentation_repeats/rob337/UFMR/rev16_epoch5_lr1e-5_repeat2.txt	/mnt/parscratch/users/acp21rjf/symphony-workspaces-learning-to-augment/ROB-337/exp/results/repro/learnt_augmentation_repeats/rob337/UFMR/configs/rev16_epoch5_lr1e-5_repeat2.yaml
10782782	gpu	UFMR	rev16	5	3	/mnt/parscratch/users/acp21rjf/symphony-workspaces-learning-to-augment/ROB-337/exp/results/repro/learnt_augmentation_repeats/rob337/UFMR/rev16_epoch5_lr1e-5_repeat3.txt	/mnt/parscratch/users/acp21rjf/symphony-workspaces-learning-to-augment/ROB-337/exp/results/repro/learnt_augmentation_repeats/rob337/UFMR/configs/rev16_epoch5_lr1e-5_repeat3.yaml
10782783	gpu-h100-nvl	UFMR	TAL	1	2	/mnt/parscratch/users/acp21rjf/symphony-workspaces-learning-to-augment/ROB-337/exp/results/repro/learnt_augmentation_repeats/rob337/UFMR/TAL_epoch1_lr1e-5_repeat2.txt	/mnt/parscratch/users/acp21rjf/symphony-workspaces-learning-to-augment/ROB-337/exp/results/repro/learnt_augmentation_repeats/rob337/UFMR/configs/TAL_epoch1_lr1e-5_repeat2.yaml
10782784	gpu-h100	UFMR	TAL	1	3	/mnt/parscratch/users/acp21rjf/symphony-workspaces-learning-to-augment/ROB-337/exp/results/repro/learnt_augmentation_repeats/rob337/UFMR/TAL_epoch1_lr1e-5_repeat3.txt	/mnt/parscratch/users/acp21rjf/symphony-workspaces-learning-to-augment/ROB-337/exp/results/repro/learnt_augmentation_repeats/rob337/UFMR/configs/TAL_epoch1_lr1e-5_repeat3.yaml
10782785	gpu	UFMR	TAL	5	2	/mnt/parscratch/users/acp21rjf/symphony-workspaces-learning-to-augment/ROB-337/exp/results/repro/learnt_augmentation_repeats/rob337/UFMR/TAL_epoch5_lr1e-5_repeat2.txt	/mnt/parscratch/users/acp21rjf/symphony-workspaces-learning-to-augment/ROB-337/exp/results/repro/learnt_augmentation_repeats/rob337/UFMR/configs/TAL_epoch5_lr1e-5_repeat2.yaml
10782786	gpu-h100-nvl	UFMR	TAL	5	3	/mnt/parscratch/users/acp21rjf/symphony-workspaces-learning-to-augment/ROB-337/exp/results/repro/learnt_augmentation_repeats/rob337/UFMR/TAL_epoch5_lr1e-5_repeat3.txt	/mnt/parscratch/users/acp21rjf/symphony-workspaces-learning-to-augment/ROB-337/exp/results/repro/learnt_augmentation_repeats/rob337/UFMR/configs/TAL_epoch5_lr1e-5_repeat3.yaml
10782787	gpu-h100	UFMR	chime6	1	2	/mnt/parscratch/users/acp21rjf/symphony-workspaces-learning-to-augment/ROB-337/exp/results/repro/learnt_augmentation_repeats/rob337/UFMR/chime6_epoch1_lr1e-5_repeat2.txt	/mnt/parscratch/users/acp21rjf/symphony-workspaces-learning-to-augment/ROB-337/exp/results/repro/learnt_augmentation_repeats/rob337/UFMR/configs/chime6_epoch1_lr1e-5_repeat2.yaml
10782788	gpu	UFMR	chime6	1	3	/mnt/parscratch/users/acp21rjf/symphony-workspaces-learning-to-augment/ROB-337/exp/results/repro/learnt_augmentation_repeats/rob337/UFMR/chime6_epoch1_lr1e-5_repeat3.txt	/mnt/parscratch/users/acp21rjf/symphony-workspaces-learning-to-augment/ROB-337/exp/results/repro/learnt_augmentation_repeats/rob337/UFMR/configs/chime6_epoch1_lr1e-5_repeat3.yaml
10782789	gpu-h100-nvl	UFMR	chime6	5	2	/mnt/parscratch/users/acp21rjf/symphony-workspaces-learning-to-augment/ROB-337/exp/results/repro/learnt_augmentation_repeats/rob337/UFMR/chime6_epoch5_lr1e-5_repeat2.txt	/mnt/parscratch/users/acp21rjf/symphony-workspaces-learning-to-augment/ROB-337/exp/results/repro/learnt_augmentation_repeats/rob337/UFMR/configs/chime6_epoch5_lr1e-5_repeat2.yaml
10782790	gpu-h100	UFMR	chime6	5	3	/mnt/parscratch/users/acp21rjf/symphony-workspaces-learning-to-augment/ROB-337/exp/results/repro/learnt_augmentation_repeats/rob337/UFMR/chime6_epoch5_lr1e-5_repeat3.txt	/mnt/parscratch/users/acp21rjf/symphony-workspaces-learning-to-augment/ROB-337/exp/results/repro/learnt_augmentation_repeats/rob337/UFMR/configs/chime6_epoch5_lr1e-5_repeat3.yaml
10782791	gpu	RFM	tedlium	1	2	/mnt/parscratch/users/acp21rjf/symphony-workspaces-learning-to-augment/ROB-337/exp/results/repro/learnt_augmentation_repeats/rob337/RFM/tedlium_epoch1_lr1e-5_repeat2.txt	/mnt/parscratch/users/acp21rjf/symphony-workspaces-learning-to-augment/ROB-337/exp/results/repro/learnt_augmentation_repeats/rob337/RFM/configs/tedlium_epoch1_lr1e-5_repeat2.yaml
10782792	gpu-h100-nvl	RFM	tedlium	1	3	/mnt/parscratch/users/acp21rjf/symphony-workspaces-learning-to-augment/ROB-337/exp/results/repro/learnt_augmentation_repeats/rob337/RFM/tedlium_epoch1_lr1e-5_repeat3.txt	/mnt/parscratch/users/acp21rjf/symphony-workspaces-learning-to-augment/ROB-337/exp/results/repro/learnt_augmentation_repeats/rob337/RFM/configs/tedlium_epoch1_lr1e-5_repeat3.yaml
10782793	gpu-h100	RFM	tedlium	5	2	/mnt/parscratch/users/acp21rjf/symphony-workspaces-learning-to-augment/ROB-337/exp/results/repro/learnt_augmentation_repeats/rob337/RFM/tedlium_epoch5_lr1e-5_repeat2.txt	/mnt/parscratch/users/acp21rjf/symphony-workspaces-learning-to-augment/ROB-337/exp/results/repro/learnt_augmentation_repeats/rob337/RFM/configs/tedlium_epoch5_lr1e-5_repeat2.yaml
10782794	gpu	RFM	tedlium	5	3	/mnt/parscratch/users/acp21rjf/symphony-workspaces-learning-to-augment/ROB-337/exp/results/repro/learnt_augmentation_repeats/rob337/RFM/tedlium_epoch5_lr1e-5_repeat3.txt	/mnt/parscratch/users/acp21rjf/symphony-workspaces-learning-to-augment/ROB-337/exp/results/repro/learnt_augmentation_repeats/rob337/RFM/configs/tedlium_epoch5_lr1e-5_repeat3.yaml
10782795	gpu-h100-nvl	RFM	earnings22	1	2	/mnt/parscratch/users/acp21rjf/symphony-workspaces-learning-to-augment/ROB-337/exp/results/repro/learnt_augmentation_repeats/rob337/RFM/earnings22_epoch1_lr1e-5_repeat2.txt	/mnt/parscratch/users/acp21rjf/symphony-workspaces-learning-to-augment/ROB-337/exp/results/repro/learnt_augmentation_repeats/rob337/RFM/configs/earnings22_epoch1_lr1e-5_repeat2.yaml
10782796	gpu-h100	RFM	earnings22	1	3	/mnt/parscratch/users/acp21rjf/symphony-workspaces-learning-to-augment/ROB-337/exp/results/repro/learnt_augmentation_repeats/rob337/RFM/earnings22_epoch1_lr1e-5_repeat3.txt	/mnt/parscratch/users/acp21rjf/symphony-workspaces-learning-to-augment/ROB-337/exp/results/repro/learnt_augmentation_repeats/rob337/RFM/configs/earnings22_epoch1_lr1e-5_repeat3.yaml
10782797	gpu	RFM	earnings22	5	2	/mnt/parscratch/users/acp21rjf/symphony-workspaces-learning-to-augment/ROB-337/exp/results/repro/learnt_augmentation_repeats/rob337/RFM/earnings22_epoch5_lr1e-5_repeat2.txt	/mnt/parscratch/users/acp21rjf/symphony-workspaces-learning-to-augment/ROB-337/exp/results/repro/learnt_augmentation_repeats/rob337/RFM/configs/earnings22_epoch5_lr1e-5_repeat2.yaml
10782798	gpu-h100-nvl	RFM	earnings22	5	3	/mnt/parscratch/users/acp21rjf/symphony-workspaces-learning-to-augment/ROB-337/exp/results/repro/learnt_augmentation_repeats/rob337/RFM/earnings22_epoch5_lr1e-5_repeat3.txt	/mnt/parscratch/users/acp21rjf/symphony-workspaces-learning-to-augment/ROB-337/exp/results/repro/learnt_augmentation_repeats/rob337/RFM/configs/earnings22_epoch5_lr1e-5_repeat3.yaml
10782799	gpu-h100	RFM	rev16	1	2	/mnt/parscratch/users/acp21rjf/symphony-workspaces-learning-to-augment/ROB-337/exp/results/repro/learnt_augmentation_repeats/rob337/RFM/rev16_epoch1_lr1e-5_repeat2.txt	/mnt/parscratch/users/acp21rjf/symphony-workspaces-learning-to-augment/ROB-337/exp/results/repro/learnt_augmentation_repeats/rob337/RFM/configs/rev16_epoch1_lr1e-5_repeat2.yaml
10782800	gpu	RFM	rev16	1	3	/mnt/parscratch/users/acp21rjf/symphony-workspaces-learning-to-augment/ROB-337/exp/results/repro/learnt_augmentation_repeats/rob337/RFM/rev16_epoch1_lr1e-5_repeat3.txt	/mnt/parscratch/users/acp21rjf/symphony-workspaces-learning-to-augment/ROB-337/exp/results/repro/learnt_augmentation_repeats/rob337/RFM/configs/rev16_epoch1_lr1e-5_repeat3.yaml
10782801	gpu-h100-nvl	RFM	rev16	5	2	/mnt/parscratch/users/acp21rjf/symphony-workspaces-learning-to-augment/ROB-337/exp/results/repro/learnt_augmentation_repeats/rob337/RFM/rev16_epoch5_lr1e-5_repeat2.txt	/mnt/parscratch/users/acp21rjf/symphony-workspaces-learning-to-augment/ROB-337/exp/results/repro/learnt_augmentation_repeats/rob337/RFM/configs/rev16_epoch5_lr1e-5_repeat2.yaml
10782802	gpu-h100	RFM	rev16	5	3	/mnt/parscratch/users/acp21rjf/symphony-workspaces-learning-to-augment/ROB-337/exp/results/repro/learnt_augmentation_repeats/rob337/RFM/rev16_epoch5_lr1e-5_repeat3.txt	/mnt/parscratch/users/acp21rjf/symphony-workspaces-learning-to-augment/ROB-337/exp/results/repro/learnt_augmentation_repeats/rob337/RFM/configs/rev16_epoch5_lr1e-5_repeat3.yaml
10782803	gpu	RFM	TAL	1	2	/mnt/parscratch/users/acp21rjf/symphony-workspaces-learning-to-augment/ROB-337/exp/results/repro/learnt_augmentation_repeats/rob337/RFM/TAL_epoch1_lr1e-5_repeat2.txt	/mnt/parscratch/users/acp21rjf/symphony-workspaces-learning-to-augment/ROB-337/exp/results/repro/learnt_augmentation_repeats/rob337/RFM/configs/TAL_epoch1_lr1e-5_repeat2.yaml
10782804	gpu-h100-nvl	RFM	TAL	1	3	/mnt/parscratch/users/acp21rjf/symphony-workspaces-learning-to-augment/ROB-337/exp/results/repro/learnt_augmentation_repeats/rob337/RFM/TAL_epoch1_lr1e-5_repeat3.txt	/mnt/parscratch/users/acp21rjf/symphony-workspaces-learning-to-augment/ROB-337/exp/results/repro/learnt_augmentation_repeats/rob337/RFM/configs/TAL_epoch1_lr1e-5_repeat3.yaml
10782805	gpu-h100	RFM	TAL	5	2	/mnt/parscratch/users/acp21rjf/symphony-workspaces-learning-to-augment/ROB-337/exp/results/repro/learnt_augmentation_repeats/rob337/RFM/TAL_epoch5_lr1e-5_repeat2.txt	/mnt/parscratch/users/acp21rjf/symphony-workspaces-learning-to-augment/ROB-337/exp/results/repro/learnt_augmentation_repeats/rob337/RFM/configs/TAL_epoch5_lr1e-5_repeat2.yaml
10782806	gpu	RFM	TAL	5	3	/mnt/parscratch/users/acp21rjf/symphony-workspaces-learning-to-augment/ROB-337/exp/results/repro/learnt_augmentation_repeats/rob337/RFM/TAL_epoch5_lr1e-5_repeat3.txt	/mnt/parscratch/users/acp21rjf/symphony-workspaces-learning-to-augment/ROB-337/exp/results/repro/learnt_augmentation_repeats/rob337/RFM/configs/TAL_epoch5_lr1e-5_repeat3.yaml
10782807	gpu-h100-nvl	RFM	chime6	1	2	/mnt/parscratch/users/acp21rjf/symphony-workspaces-learning-to-augment/ROB-337/exp/results/repro/learnt_augmentation_repeats/rob337/RFM/chime6_epoch1_lr1e-5_repeat2.txt	/mnt/parscratch/users/acp21rjf/symphony-workspaces-learning-to-augment/ROB-337/exp/results/repro/learnt_augmentation_repeats/rob337/RFM/configs/chime6_epoch1_lr1e-5_repeat2.yaml
10782808	gpu-h100	RFM	chime6	1	3	/mnt/parscratch/users/acp21rjf/symphony-workspaces-learning-to-augment/ROB-337/exp/results/repro/learnt_augmentation_repeats/rob337/RFM/chime6_epoch1_lr1e-5_repeat3.txt	/mnt/parscratch/users/acp21rjf/symphony-workspaces-learning-to-augment/ROB-337/exp/results/repro/learnt_augmentation_repeats/rob337/RFM/configs/chime6_epoch1_lr1e-5_repeat3.yaml
10782809	gpu	RFM	chime6	5	2	/mnt/parscratch/users/acp21rjf/symphony-workspaces-learning-to-augment/ROB-337/exp/results/repro/learnt_augmentation_repeats/rob337/RFM/chime6_epoch5_lr1e-5_repeat2.txt	/mnt/parscratch/users/acp21rjf/symphony-workspaces-learning-to-augment/ROB-337/exp/results/repro/learnt_augmentation_repeats/rob337/RFM/configs/chime6_epoch5_lr1e-5_repeat2.yaml
10782810	gpu-h100-nvl	RFM	chime6	5	3	/mnt/parscratch/users/acp21rjf/symphony-workspaces-learning-to-augment/ROB-337/exp/results/repro/learnt_augmentation_repeats/rob337/RFM/chime6_epoch5_lr1e-5_repeat3.txt	/mnt/parscratch/users/acp21rjf/symphony-workspaces-learning-to-augment/ROB-337/exp/results/repro/learnt_augmentation_repeats/rob337/RFM/configs/chime6_epoch5_lr1e-5_repeat3.yaml
10782811	gpu-h100	RMM	tedlium	1	2	/mnt/parscratch/users/acp21rjf/symphony-workspaces-learning-to-augment/ROB-337/exp/results/repro/learnt_augmentation_repeats/rob337/RMM/tedlium_epoch1_lr1e-5_repeat2.txt	/mnt/parscratch/users/acp21rjf/symphony-workspaces-learning-to-augment/ROB-337/exp/results/repro/learnt_augmentation_repeats/rob337/RMM/configs/tedlium_epoch1_lr1e-5_repeat2.yaml
10782812	gpu	RMM	tedlium	1	3	/mnt/parscratch/users/acp21rjf/symphony-workspaces-learning-to-augment/ROB-337/exp/results/repro/learnt_augmentation_repeats/rob337/RMM/tedlium_epoch1_lr1e-5_repeat3.txt	/mnt/parscratch/users/acp21rjf/symphony-workspaces-learning-to-augment/ROB-337/exp/results/repro/learnt_augmentation_repeats/rob337/RMM/configs/tedlium_epoch1_lr1e-5_repeat3.yaml
10782813	gpu-h100-nvl	RMM	tedlium	5	2	/mnt/parscratch/users/acp21rjf/symphony-workspaces-learning-to-augment/ROB-337/exp/results/repro/learnt_augmentation_repeats/rob337/RMM/tedlium_epoch5_lr1e-5_repeat2.txt	/mnt/parscratch/users/acp21rjf/symphony-workspaces-learning-to-augment/ROB-337/exp/results/repro/learnt_augmentation_repeats/rob337/RMM/configs/tedlium_epoch5_lr1e-5_repeat2.yaml
10782814	gpu-h100	RMM	tedlium	5	3	/mnt/parscratch/users/acp21rjf/symphony-workspaces-learning-to-augment/ROB-337/exp/results/repro/learnt_augmentation_repeats/rob337/RMM/tedlium_epoch5_lr1e-5_repeat3.txt	/mnt/parscratch/users/acp21rjf/symphony-workspaces-learning-to-augment/ROB-337/exp/results/repro/learnt_augmentation_repeats/rob337/RMM/configs/tedlium_epoch5_lr1e-5_repeat3.yaml
10782815	gpu	RMM	earnings22	1	2	/mnt/parscratch/users/acp21rjf/symphony-workspaces-learning-to-augment/ROB-337/exp/results/repro/learnt_augmentation_repeats/rob337/RMM/earnings22_epoch1_lr1e-5_repeat2.txt	/mnt/parscratch/users/acp21rjf/symphony-workspaces-learning-to-augment/ROB-337/exp/results/repro/learnt_augmentation_repeats/rob337/RMM/configs/earnings22_epoch1_lr1e-5_repeat2.yaml
10782816	gpu-h100-nvl	RMM	earnings22	1	3	/mnt/parscratch/users/acp21rjf/symphony-workspaces-learning-to-augment/ROB-337/exp/results/repro/learnt_augmentation_repeats/rob337/RMM/earnings22_epoch1_lr1e-5_repeat3.txt	/mnt/parscratch/users/acp21rjf/symphony-workspaces-learning-to-augment/ROB-337/exp/results/repro/learnt_augmentation_repeats/rob337/RMM/configs/earnings22_epoch1_lr1e-5_repeat3.yaml
10782817	gpu-h100	RMM	earnings22	5	2	/mnt/parscratch/users/acp21rjf/symphony-workspaces-learning-to-augment/ROB-337/exp/results/repro/learnt_augmentation_repeats/rob337/RMM/earnings22_epoch5_lr1e-5_repeat2.txt	/mnt/parscratch/users/acp21rjf/symphony-workspaces-learning-to-augment/ROB-337/exp/results/repro/learnt_augmentation_repeats/rob337/RMM/configs/earnings22_epoch5_lr1e-5_repeat2.yaml
10782818	gpu	RMM	earnings22	5	3	/mnt/parscratch/users/acp21rjf/symphony-workspaces-learning-to-augment/ROB-337/exp/results/repro/learnt_augmentation_repeats/rob337/RMM/earnings22_epoch5_lr1e-5_repeat3.txt	/mnt/parscratch/users/acp21rjf/symphony-workspaces-learning-to-augment/ROB-337/exp/results/repro/learnt_augmentation_repeats/rob337/RMM/configs/earnings22_epoch5_lr1e-5_repeat3.yaml
10782819	gpu-h100-nvl	RMM	rev16	1	2	/mnt/parscratch/users/acp21rjf/symphony-workspaces-learning-to-augment/ROB-337/exp/results/repro/learnt_augmentation_repeats/rob337/RMM/rev16_epoch1_lr1e-5_repeat2.txt	/mnt/parscratch/users/acp21rjf/symphony-workspaces-learning-to-augment/ROB-337/exp/results/repro/learnt_augmentation_repeats/rob337/RMM/configs/rev16_epoch1_lr1e-5_repeat2.yaml
10782820	gpu-h100	RMM	rev16	1	3	/mnt/parscratch/users/acp21rjf/symphony-workspaces-learning-to-augment/ROB-337/exp/results/repro/learnt_augmentation_repeats/rob337/RMM/rev16_epoch1_lr1e-5_repeat3.txt	/mnt/parscratch/users/acp21rjf/symphony-workspaces-learning-to-augment/ROB-337/exp/results/repro/learnt_augmentation_repeats/rob337/RMM/configs/rev16_epoch1_lr1e-5_repeat3.yaml
10782821	gpu	RMM	rev16	5	2	/mnt/parscratch/users/acp21rjf/symphony-workspaces-learning-to-augment/ROB-337/exp/results/repro/learnt_augmentation_repeats/rob337/RMM/rev16_epoch5_lr1e-5_repeat2.txt	/mnt/parscratch/users/acp21rjf/symphony-workspaces-learning-to-augment/ROB-337/exp/results/repro/learnt_augmentation_repeats/rob337/RMM/configs/rev16_epoch5_lr1e-5_repeat2.yaml
10782822	gpu-h100-nvl	RMM	rev16	5	3	/mnt/parscratch/users/acp21rjf/symphony-workspaces-learning-to-augment/ROB-337/exp/results/repro/learnt_augmentation_repeats/rob337/RMM/rev16_epoch5_lr1e-5_repeat3.txt	/mnt/parscratch/users/acp21rjf/symphony-workspaces-learning-to-augment/ROB-337/exp/results/repro/learnt_augmentation_repeats/rob337/RMM/configs/rev16_epoch5_lr1e-5_repeat3.yaml
10782823	gpu-h100	RMM	TAL	1	2	/mnt/parscratch/users/acp21rjf/symphony-workspaces-learning-to-augment/ROB-337/exp/results/repro/learnt_augmentation_repeats/rob337/RMM/TAL_epoch1_lr1e-5_repeat2.txt	/mnt/parscratch/users/acp21rjf/symphony-workspaces-learning-to-augment/ROB-337/exp/results/repro/learnt_augmentation_repeats/rob337/RMM/configs/TAL_epoch1_lr1e-5_repeat2.yaml
10782824	gpu	RMM	TAL	1	3	/mnt/parscratch/users/acp21rjf/symphony-workspaces-learning-to-augment/ROB-337/exp/results/repro/learnt_augmentation_repeats/rob337/RMM/TAL_epoch1_lr1e-5_repeat3.txt	/mnt/parscratch/users/acp21rjf/symphony-workspaces-learning-to-augment/ROB-337/exp/results/repro/learnt_augmentation_repeats/rob337/RMM/configs/TAL_epoch1_lr1e-5_repeat3.yaml
10782825	gpu-h100-nvl	RMM	TAL	5	2	/mnt/parscratch/users/acp21rjf/symphony-workspaces-learning-to-augment/ROB-337/exp/results/repro/learnt_augmentation_repeats/rob337/RMM/TAL_epoch5_lr1e-5_repeat2.txt	/mnt/parscratch/users/acp21rjf/symphony-workspaces-learning-to-augment/ROB-337/exp/results/repro/learnt_augmentation_repeats/rob337/RMM/configs/TAL_epoch5_lr1e-5_repeat2.yaml
10782826	gpu-h100	RMM	TAL	5	3	/mnt/parscratch/users/acp21rjf/symphony-workspaces-learning-to-augment/ROB-337/exp/results/repro/learnt_augmentation_repeats/rob337/RMM/TAL_epoch5_lr1e-5_repeat3.txt	/mnt/parscratch/users/acp21rjf/symphony-workspaces-learning-to-augment/ROB-337/exp/results/repro/learnt_augmentation_repeats/rob337/RMM/configs/TAL_epoch5_lr1e-5_repeat3.yaml
10782827	gpu	RMM	chime6	1	2	/mnt/parscratch/users/acp21rjf/symphony-workspaces-learning-to-augment/ROB-337/exp/results/repro/learnt_augmentation_repeats/rob337/RMM/chime6_epoch1_lr1e-5_repeat2.txt	/mnt/parscratch/users/acp21rjf/symphony-workspaces-learning-to-augment/ROB-337/exp/results/repro/learnt_augmentation_repeats/rob337/RMM/configs/chime6_epoch1_lr1e-5_repeat2.yaml
10782828	gpu-h100-nvl	RMM	chime6	1	3	/mnt/parscratch/users/acp21rjf/symphony-workspaces-learning-to-augment/ROB-337/exp/results/repro/learnt_augmentation_repeats/rob337/RMM/chime6_epoch1_lr1e-5_repeat3.txt	/mnt/parscratch/users/acp21rjf/symphony-workspaces-learning-to-augment/ROB-337/exp/results/repro/learnt_augmentation_repeats/rob337/RMM/configs/chime6_epoch1_lr1e-5_repeat3.yaml
10782829	gpu-h100	RMM	chime6	5	2	/mnt/parscratch/users/acp21rjf/symphony-workspaces-learning-to-augment/ROB-337/exp/results/repro/learnt_augmentation_repeats/rob337/RMM/chime6_epoch5_lr1e-5_repeat2.txt	/mnt/parscratch/users/acp21rjf/symphony-workspaces-learning-to-augment/ROB-337/exp/results/repro/learnt_augmentation_repeats/rob337/RMM/configs/chime6_epoch5_lr1e-5_repeat2.yaml
10782830	gpu	RMM	chime6	5	3	/mnt/parscratch/users/acp21rjf/symphony-workspaces-learning-to-augment/ROB-337/exp/results/repro/learnt_augmentation_repeats/rob337/RMM/chime6_epoch5_lr1e-5_repeat3.txt	/mnt/parscratch/users/acp21rjf/symphony-workspaces-learning-to-augment/ROB-337/exp/results/repro/learnt_augmentation_repeats/rob337/RMM/configs/chime6_epoch5_lr1e-5_repeat3.yaml
10782831	gpu-h100-nvl	UVQLM	tedlium	1	2	/mnt/parscratch/users/acp21rjf/symphony-workspaces-learning-to-augment/ROB-337/exp/results/repro/learnt_augmentation_repeats/rob337/UVQLM/tedlium_epoch1_lr1e-5_repeat2.txt	/mnt/parscratch/users/acp21rjf/symphony-workspaces-learning-to-augment/ROB-337/exp/results/repro/learnt_augmentation_repeats/rob337/UVQLM/configs/tedlium_epoch1_lr1e-5_repeat2.yaml
10782832	gpu-h100	UVQLM	tedlium	1	3	/mnt/parscratch/users/acp21rjf/symphony-workspaces-learning-to-augment/ROB-337/exp/results/repro/learnt_augmentation_repeats/rob337/UVQLM/tedlium_epoch1_lr1e-5_repeat3.txt	/mnt/parscratch/users/acp21rjf/symphony-workspaces-learning-to-augment/ROB-337/exp/results/repro/learnt_augmentation_repeats/rob337/UVQLM/configs/tedlium_epoch1_lr1e-5_repeat3.yaml
10782833	gpu	UVQLM	tedlium	5	2	/mnt/parscratch/users/acp21rjf/symphony-workspaces-learning-to-augment/ROB-337/exp/results/repro/learnt_augmentation_repeats/rob337/UVQLM/tedlium_epoch5_lr1e-5_repeat2.txt	/mnt/parscratch/users/acp21rjf/symphony-workspaces-learning-to-augment/ROB-337/exp/results/repro/learnt_augmentation_repeats/rob337/UVQLM/configs/tedlium_epoch5_lr1e-5_repeat2.yaml
10782834	gpu-h100-nvl	UVQLM	tedlium	5	3	/mnt/parscratch/users/acp21rjf/symphony-workspaces-learning-to-augment/ROB-337/exp/results/repro/learnt_augmentation_repeats/rob337/UVQLM/tedlium_epoch5_lr1e-5_repeat3.txt	/mnt/parscratch/users/acp21rjf/symphony-workspaces-learning-to-augment/ROB-337/exp/results/repro/learnt_augmentation_repeats/rob337/UVQLM/configs/tedlium_epoch5_lr1e-5_repeat3.yaml
10782835	gpu-h100	UVQLM	earnings22	1	2	/mnt/parscratch/users/acp21rjf/symphony-workspaces-learning-to-augment/ROB-337/exp/results/repro/learnt_augmentation_repeats/rob337/UVQLM/earnings22_epoch1_lr1e-5_repeat2.txt	/mnt/parscratch/users/acp21rjf/symphony-workspaces-learning-to-augment/ROB-337/exp/results/repro/learnt_augmentation_repeats/rob337/UVQLM/configs/earnings22_epoch1_lr1e-5_repeat2.yaml
10782836	gpu	UVQLM	earnings22	1	3	/mnt/parscratch/users/acp21rjf/symphony-workspaces-learning-to-augment/ROB-337/exp/results/repro/learnt_augmentation_repeats/rob337/UVQLM/earnings22_epoch1_lr1e-5_repeat3.txt	/mnt/parscratch/users/acp21rjf/symphony-workspaces-learning-to-augment/ROB-337/exp/results/repro/learnt_augmentation_repeats/rob337/UVQLM/configs/earnings22_epoch1_lr1e-5_repeat3.yaml
10782837	gpu-h100-nvl	UVQLM	earnings22	5	2	/mnt/parscratch/users/acp21rjf/symphony-workspaces-learning-to-augment/ROB-337/exp/results/repro/learnt_augmentation_repeats/rob337/UVQLM/earnings22_epoch5_lr1e-5_repeat2.txt	/mnt/parscratch/users/acp21rjf/symphony-workspaces-learning-to-augment/ROB-337/exp/results/repro/learnt_augmentation_repeats/rob337/UVQLM/configs/earnings22_epoch5_lr1e-5_repeat2.yaml
10782838	gpu-h100	UVQLM	earnings22	5	3	/mnt/parscratch/users/acp21rjf/symphony-workspaces-learning-to-augment/ROB-337/exp/results/repro/learnt_augmentation_repeats/rob337/UVQLM/earnings22_epoch5_lr1e-5_repeat3.txt	/mnt/parscratch/users/acp21rjf/symphony-workspaces-learning-to-augment/ROB-337/exp/results/repro/learnt_augmentation_repeats/rob337/UVQLM/configs/earnings22_epoch5_lr1e-5_repeat3.yaml
10782839	gpu	UVQLM	rev16	1	2	/mnt/parscratch/users/acp21rjf/symphony-workspaces-learning-to-augment/ROB-337/exp/results/repro/learnt_augmentation_repeats/rob337/UVQLM/rev16_epoch1_lr1e-5_repeat2.txt	/mnt/parscratch/users/acp21rjf/symphony-workspaces-learning-to-augment/ROB-337/exp/results/repro/learnt_augmentation_repeats/rob337/UVQLM/configs/rev16_epoch1_lr1e-5_repeat2.yaml
10782840	gpu-h100-nvl	UVQLM	rev16	1	3	/mnt/parscratch/users/acp21rjf/symphony-workspaces-learning-to-augment/ROB-337/exp/results/repro/learnt_augmentation_repeats/rob337/UVQLM/rev16_epoch1_lr1e-5_repeat3.txt	/mnt/parscratch/users/acp21rjf/symphony-workspaces-learning-to-augment/ROB-337/exp/results/repro/learnt_augmentation_repeats/rob337/UVQLM/configs/rev16_epoch1_lr1e-5_repeat3.yaml
10782841	gpu-h100	UVQLM	rev16	5	2	/mnt/parscratch/users/acp21rjf/symphony-workspaces-learning-to-augment/ROB-337/exp/results/repro/learnt_augmentation_repeats/rob337/UVQLM/rev16_epoch5_lr1e-5_repeat2.txt	/mnt/parscratch/users/acp21rjf/symphony-workspaces-learning-to-augment/ROB-337/exp/results/repro/learnt_augmentation_repeats/rob337/UVQLM/configs/rev16_epoch5_lr1e-5_repeat2.yaml
10782842	gpu	UVQLM	rev16	5	3	/mnt/parscratch/users/acp21rjf/symphony-workspaces-learning-to-augment/ROB-337/exp/results/repro/learnt_augmentation_repeats/rob337/UVQLM/rev16_epoch5_lr1e-5_repeat3.txt	/mnt/parscratch/users/acp21rjf/symphony-workspaces-learning-to-augment/ROB-337/exp/results/repro/learnt_augmentation_repeats/rob337/UVQLM/configs/rev16_epoch5_lr1e-5_repeat3.yaml
10782843	gpu-h100-nvl	UVQLM	TAL	1	2	/mnt/parscratch/users/acp21rjf/symphony-workspaces-learning-to-augment/ROB-337/exp/results/repro/learnt_augmentation_repeats/rob337/UVQLM/TAL_epoch1_lr1e-5_repeat2.txt	/mnt/parscratch/users/acp21rjf/symphony-workspaces-learning-to-augment/ROB-337/exp/results/repro/learnt_augmentation_repeats/rob337/UVQLM/configs/TAL_epoch1_lr1e-5_repeat2.yaml
10782844	gpu-h100	UVQLM	TAL	1	3	/mnt/parscratch/users/acp21rjf/symphony-workspaces-learning-to-augment/ROB-337/exp/results/repro/learnt_augmentation_repeats/rob337/UVQLM/TAL_epoch1_lr1e-5_repeat3.txt	/mnt/parscratch/users/acp21rjf/symphony-workspaces-learning-to-augment/ROB-337/exp/results/repro/learnt_augmentation_repeats/rob337/UVQLM/configs/TAL_epoch1_lr1e-5_repeat3.yaml
10782845	gpu	UVQLM	TAL	5	2	/mnt/parscratch/users/acp21rjf/symphony-workspaces-learning-to-augment/ROB-337/exp/results/repro/learnt_augmentation_repeats/rob337/UVQLM/TAL_epoch5_lr1e-5_repeat2.txt	/mnt/parscratch/users/acp21rjf/symphony-workspaces-learning-to-augment/ROB-337/exp/results/repro/learnt_augmentation_repeats/rob337/UVQLM/configs/TAL_epoch5_lr1e-5_repeat2.yaml
10782846	gpu-h100-nvl	UVQLM	TAL	5	3	/mnt/parscratch/users/acp21rjf/symphony-workspaces-learning-to-augment/ROB-337/exp/results/repro/learnt_augmentation_repeats/rob337/UVQLM/TAL_epoch5_lr1e-5_repeat3.txt	/mnt/parscratch/users/acp21rjf/symphony-workspaces-learning-to-augment/ROB-337/exp/results/repro/learnt_augmentation_repeats/rob337/UVQLM/configs/TAL_epoch5_lr1e-5_repeat3.yaml
10782847	gpu-h100	UVQLM	chime6	1	2	/mnt/parscratch/users/acp21rjf/symphony-workspaces-learning-to-augment/ROB-337/exp/results/repro/learnt_augmentation_repeats/rob337/UVQLM/chime6_epoch1_lr1e-5_repeat2.txt	/mnt/parscratch/users/acp21rjf/symphony-workspaces-learning-to-augment/ROB-337/exp/results/repro/learnt_augmentation_repeats/rob337/UVQLM/configs/chime6_epoch1_lr1e-5_repeat2.yaml
10782848	gpu	UVQLM	chime6	1	3	/mnt/parscratch/users/acp21rjf/symphony-workspaces-learning-to-augment/ROB-337/exp/results/repro/learnt_augmentation_repeats/rob337/UVQLM/chime6_epoch1_lr1e-5_repeat3.txt	/mnt/parscratch/users/acp21rjf/symphony-workspaces-learning-to-augment/ROB-337/exp/results/repro/learnt_augmentation_repeats/rob337/UVQLM/configs/chime6_epoch1_lr1e-5_repeat3.yaml
10782849	gpu-h100-nvl	UVQLM	chime6	5	2	/mnt/parscratch/users/acp21rjf/symphony-workspaces-learning-to-augment/ROB-337/exp/results/repro/learnt_augmentation_repeats/rob337/UVQLM/chime6_epoch5_lr1e-5_repeat2.txt	/mnt/parscratch/users/acp21rjf/symphony-workspaces-learning-to-augment/ROB-337/exp/results/repro/learnt_augmentation_repeats/rob337/UVQLM/configs/chime6_epoch5_lr1e-5_repeat2.yaml
10782850	gpu-h100	UVQLM	chime6	5	3	/mnt/parscratch/users/acp21rjf/symphony-workspaces-learning-to-augment/ROB-337/exp/results/repro/learnt_augmentation_repeats/rob337/UVQLM/chime6_epoch5_lr1e-5_repeat3.txt	/mnt/parscratch/users/acp21rjf/symphony-workspaces-learning-to-augment/ROB-337/exp/results/repro/learnt_augmentation_repeats/rob337/UVQLM/configs/chime6_epoch5_lr1e-5_repeat3.yaml

finalizer_id	partition	dependency
10782851	sheffield	afterany:10782771:10782772:10782773:10782774:10782775:10782776:10782777:10782778:10782779:10782780:10782781:10782782:10782783:10782784:10782785:10782786:10782787:10782788:10782789:10782790:10782791:10782792:10782793:10782794:10782795:10782796:10782797:10782798:10782799:10782800:10782801:10782802:10782803:10782804:10782805:10782806:10782807:10782808:10782809:10782810:10782811:10782812:10782813:10782814:10782815:10782816:10782817:10782818:10782819:10782820:10782821:10782822:10782823:10782824:10782825:10782826:10782827:10782828:10782829:10782830:10782831:10782832:10782833:10782834:10782835:10782836:10782837:10782838:10782839:10782840:10782841:10782842:10782843:10782844:10782845:10782846:10782847:10782848:10782849:10782850
