method,table_method,dataset_tag,dataset,dataset_label,split,epochs,lr,repeat,seed,config_path,result_path,status,result_id,original_wer,updated_wer,wer_delta,relative_delta_pct
UFMR,UFMR,tedlium,tedlium,TED-LIUM,test,1,1e-5,1,123456,exp/results/repro/UFMR/configs/tedlium_epoch1_lr1e-5.yaml,exp/results/repro/UFMR/tedlium_epoch1_lr1e-5.txt,complete,ROB-108-tedlium-test-UFMR-tedlium_epoch1_lr1e-5-repeat1,0.085344675,0.076555024,-0.008789651,-10.30
UFMR,UFMR,tedlium,tedlium,TED-LIUM,test,1,1e-5,2,223456,exp/results/repro/learnt_augmentation_repeats/rob337/UFMR/configs/tedlium_epoch1_lr1e-5_repeat2.yaml,exp/results/repro/learnt_augmentation_repeats/rob337/UFMR/tedlium_epoch1_lr1e-5_repeat2.txt,complete,ROB-337-tedlium-test-UFMR-epoch1-lr1e-5-repeat2-seed223456,0.085344675,0.076590466,-0.008754209,-10.26
UFMR,UFMR,tedlium,tedlium,TED-LIUM,test,1,1e-5,3,323456,exp/results/repro/learnt_augmentation_repeats/rob337/UFMR/configs/tedlium_epoch1_lr1e-5_repeat3.yaml,exp/results/repro/learnt_augmentation_repeats/rob337/UFMR/tedlium_epoch1_lr1e-5_repeat3.txt,complete,ROB-337-tedlium-test-UFMR-epoch1-lr1e-5-repeat3-seed323456,0.085344675,0.077547404,-0.007797271,-9.14
UFMR,UFMR,tedlium,tedlium,TED-LIUM,test,5,1e-5,1,123456,exp/results/repro/UFMR/configs/tedlium_epoch5_lr1e-5.yaml,exp/results/repro/UFMR/tedlium_epoch5_lr1e-5.txt,complete,ROB-108-tedlium-test-UFMR-tedlium_epoch5_lr1e-5-repeat1,0.085344675,0.075846181,-0.009498494,-11.13
UFMR,UFMR,tedlium,tedlium,TED-LIUM,test,5,1e-5,2,223456,exp/results/repro/learnt_augmentation_repeats/rob337/UFMR/configs/tedlium_epoch5_lr1e-5_repeat2.yaml,exp/results/repro/learnt_augmentation_repeats/rob337/UFMR/tedlium_epoch5_lr1e-5_repeat2.txt,complete,ROB-337-tedlium-test-UFMR-epoch5-lr1e-5-repeat2-seed223456,0.085344675,0.077051214,-0.008293461,-9.72
UFMR,UFMR,tedlium,tedlium,TED-LIUM,test,5,1e-5,3,323456,exp/results/repro/learnt_augmentation_repeats/rob337/UFMR/configs/tedlium_epoch5_lr1e-5_repeat3.yaml,exp/results/repro/learnt_augmentation_repeats/rob337/UFMR/tedlium_epoch5_lr1e-5_repeat3.txt,complete,ROB-337-tedlium-test-UFMR-epoch5-lr1e-5-repeat3-seed323456,0.085344675,0.077370193,-0.007974482,-9.34
UFMR,UFMR,earnings22,earnings22,Earnings-22,test,1,1e-5,1,123456,exp/results/repro/UFMR/configs/earnings22_epoch1_lr1e-5.yaml,exp/results/repro/UFMR/earnings22_epoch1_lr1e-5.txt,complete,ROB-108-earnings22-test-UFMR-earnings22_epoch1_lr1e-5-repeat1,0.235198007,0.185589118,-0.049608888,-21.09
UFMR,UFMR,earnings22,earnings22,Earnings-22,test,1,1e-5,2,223456,exp/results/repro/learnt_augmentation_repeats/rob337/UFMR/configs/earnings22_epoch1_lr1e-5_repeat2.yaml,exp/results/repro/learnt_augmentation_repeats/rob337/UFMR/earnings22_epoch1_lr1e-5_repeat2.txt,complete,ROB-337-earnings22-test-UFMR-epoch1-lr1e-5-repeat2-seed223456,0.235198007,0.188959010,-0.046238997,-19.66
UFMR,UFMR,earnings22,earnings22,Earnings-22,test,1,1e-5,3,323456,exp/results/repro/learnt_augmentation_repeats/rob337/UFMR/configs/earnings22_epoch1_lr1e-5_repeat3.yaml,exp/results/repro/learnt_augmentation_repeats/rob337/UFMR/earnings22_epoch1_lr1e-5_repeat3.txt,complete,ROB-337-earnings22-test-UFMR-epoch1-lr1e-5-repeat3-seed323456,0.235218430,0.187406817,-0.047811613,-20.33
UFMR,UFMR,earnings22,earnings22,Earnings-22,test,5,1e-5,1,123456,exp/results/repro/UFMR/configs/earnings22_epoch5_lr1e-5.yaml,exp/results/repro/UFMR/earnings22_epoch5_lr1e-5.txt,complete,ROB-108-earnings22-test-UFMR-earnings22_epoch5_lr1e-5-repeat1,0.235238854,0.186957499,-0.048281355,-20.52
UFMR,UFMR,earnings22,earnings22,Earnings-22,test,5,1e-5,2,223456,exp/results/repro/learnt_augmentation_repeats/rob337/UFMR/configs/earnings22_epoch5_lr1e-5_repeat2.yaml,exp/results/repro/learnt_augmentation_repeats/rob337/UFMR/earnings22_epoch5_lr1e-5_repeat2.txt,complete,ROB-337-earnings22-test-UFMR-epoch5-lr1e-5-repeat2-seed223456,0.235238854,0.185670813,-0.049568041,-21.07
UFMR,UFMR,earnings22,earnings22,Earnings-22,test,5,1e-5,3,323456,exp/results/repro/learnt_augmentation_repeats/rob337/UFMR/configs/earnings22_epoch5_lr1e-5_repeat3.yaml,exp/results/repro/learnt_augmentation_repeats/rob337/UFMR/earnings22_epoch5_lr1e-5_repeat3.txt,complete,ROB-337-earnings22-test-UFMR-epoch5-lr1e-5-repeat3-seed323456,0.235198007,0.184118620,-0.051079386,-21.72
UFMR,UFMR,rev16,rev16,Rev16,test,1,1e-5,1,123456,exp/results/repro/UFMR/configs/rev16_epoch1_lr1e-5.yaml,exp/results/repro/UFMR/rev16_epoch1_lr1e-5.txt,complete,ROB-108-rev16-test-UFMR-rev16_epoch1_lr1e-5-repeat1,0.172504123,0.162485383,-0.010018740,-5.81
UFMR,UFMR,rev16,rev16,Rev16,test,1,1e-5,2,223456,exp/results/repro/learnt_augmentation_repeats/rob337/UFMR/configs/rev16_epoch1_lr1e-5_repeat2.yaml,exp/results/repro/learnt_augmentation_repeats/rob337/UFMR/rev16_epoch1_lr1e-5_repeat2.txt,complete,ROB-337-rev16-test-UFMR-epoch1-lr1e-5-repeat2-seed223456,0.172570507,0.162112616,-0.010457890,-6.06
UFMR,UFMR,rev16,rev16,Rev16,test,1,1e-5,3,323456,exp/results/repro/learnt_augmentation_repeats/rob337/UFMR/configs/rev16_epoch1_lr1e-5_repeat3.yaml,exp/results/repro/learnt_augmentation_repeats/rob337/UFMR/rev16_epoch1_lr1e-5_repeat3.txt,complete,ROB-337-rev16-test-UFMR-epoch1-lr1e-5-repeat3-seed323456,0.172575613,0.162745809,-0.009829804,-5.70
UFMR,UFMR,rev16,rev16,Rev16,test,5,1e-5,1,123456,exp/results/repro/UFMR/configs/rev16_epoch5_lr1e-5.yaml,exp/results/repro/UFMR/rev16_epoch5_lr1e-5.txt,complete,ROB-108-rev16-test-UFMR-rev16_epoch5_lr1e-5-repeat1,0.172509230,0.163113469,-0.009395761,-5.45
UFMR,UFMR,rev16,rev16,Rev16,test,5,1e-5,2,223456,exp/results/repro/learnt_augmentation_repeats/rob337/UFMR/configs/rev16_epoch5_lr1e-5_repeat2.yaml,exp/results/repro/learnt_augmentation_repeats/rob337/UFMR/rev16_epoch5_lr1e-5_repeat2.txt,complete,ROB-337-rev16-test-UFMR-epoch5-lr1e-5-repeat2-seed223456,0.172575613,0.163496449,-0.009079164,-5.26
UFMR,UFMR,rev16,rev16,Rev16,test,5,1e-5,3,323456,exp/results/repro/learnt_augmentation_repeats/rob337/UFMR/configs/rev16_epoch5_lr1e-5_repeat3.yaml,exp/results/repro/learnt_augmentation_repeats/rob337/UFMR/rev16_epoch5_lr1e-5_repeat3.txt,complete,ROB-337-rev16-test-UFMR-epoch5-lr1e-5-repeat3-seed323456,0.172570507,0.163353470,-0.009217037,-5.34
UFMR,UFMR,TAL,this_american_life,TAL,test,1,1e-5,1,123456,exp/results/repro/UFMR/configs/TAL_epoch1_lr1e-5.yaml,exp/results/repro/UFMR/TAL_epoch1_lr1e-5.txt,complete,ROB-108-this_american_life-test-UFMR-TAL_epoch1_lr1e-5-repeat1,0.165691150,0.158298655,-0.007392496,-4.46
UFMR,UFMR,TAL,this_american_life,TAL,test,1,1e-5,2,223456,exp/results/repro/learnt_augmentation_repeats/rob337/UFMR/configs/TAL_epoch1_lr1e-5_repeat2.yaml,exp/results/repro/learnt_augmentation_repeats/rob337/UFMR/TAL_epoch1_lr1e-5_repeat2.txt,complete,ROB-337-TAL-test-UFMR-epoch1-lr1e-5-repeat2-seed223456,0.165691150,0.159028882,-0.006662268,-4.02
UFMR,UFMR,TAL,this_american_life,TAL,test,1,1e-5,3,323456,exp/results/repro/learnt_augmentation_repeats/rob337/UFMR/configs/TAL_epoch1_lr1e-5_repeat3.yaml,exp/results/repro/learnt_augmentation_repeats/rob337/UFMR/TAL_epoch1_lr1e-5_repeat3.txt,complete,ROB-337-TAL-test-UFMR-epoch1-lr1e-5-repeat3-seed323456,0.165685512,0.158690553,-0.006994959,-4.22
UFMR,UFMR,TAL,this_american_life,TAL,test,5,1e-5,1,123456,exp/results/repro/UFMR/configs/TAL_epoch5_lr1e-5.yaml,exp/results/repro/UFMR/TAL_epoch5_lr1e-5.txt,complete,ROB-108-this_american_life-test-UFMR-TAL_epoch5_lr1e-5-repeat1,0.165696789,0.162617992,-0.003078797,-1.86
UFMR,UFMR,TAL,this_american_life,TAL,test,5,1e-5,2,223456,exp/results/repro/learnt_augmentation_repeats/rob337/UFMR/configs/TAL_epoch5_lr1e-5_repeat2.yaml,exp/results/repro/learnt_augmentation_repeats/rob337/UFMR/TAL_epoch5_lr1e-5_repeat2.txt,complete,ROB-337-TAL-test-UFMR-epoch5-lr1e-5-repeat2-seed223456,0.165691150,0.162640548,-0.003050603,-1.84
UFMR,UFMR,TAL,this_american_life,TAL,test,5,1e-5,3,323456,exp/results/repro/learnt_augmentation_repeats/rob337/UFMR/configs/TAL_epoch5_lr1e-5_repeat3.yaml,exp/results/repro/learnt_augmentation_repeats/rob337/UFMR/TAL_epoch5_lr1e-5_repeat3.txt,complete,ROB-337-TAL-test-UFMR-epoch5-lr1e-5-repeat3-seed323456,0.165691150,0.162632089,-0.003059061,-1.85
UFMR,UFMR,chime6,chime6,CHiME-6,test,1,1e-5,1,123456,exp/results/repro/UFMR/configs/chime6_epoch1_lr1e-5.yaml,exp/results/repro/UFMR/chime6_epoch1_lr1e-5.txt,complete,ROB-108-chime6-test-UFMR-chime6_epoch1_lr1e-5-repeat1,0.843620021,0.642033839,-0.201586183,-23.90
UFMR,UFMR,chime6,chime6,CHiME-6,test,1,1e-5,2,223456,exp/results/repro/learnt_augmentation_repeats/rob337/UFMR/configs/chime6_epoch1_lr1e-5_repeat2.yaml,exp/results/repro/learnt_augmentation_repeats/rob337/UFMR/chime6_epoch1_lr1e-5_repeat2.txt,complete,ROB-337-chime6-test-UFMR-epoch1-lr1e-5-repeat2-seed223456,0.843637645,0.639178710,-0.204458935,-24.24
UFMR,UFMR,chime6,chime6,CHiME-6,test,1,1e-5,3,323456,exp/results/repro/learnt_augmentation_repeats/rob337/UFMR/configs/chime6_epoch1_lr1e-5_repeat3.yaml,exp/results/repro/learnt_augmentation_repeats/rob337/UFMR/chime6_epoch1_lr1e-5_repeat3.txt,complete,ROB-337-chime6-test-UFMR-epoch1-lr1e-5-repeat3-seed323456,0.843620021,0.630260839,-0.213359182,-25.29
UFMR,UFMR,chime6,chime6,CHiME-6,test,5,1e-5,1,123456,exp/results/repro/UFMR/configs/chime6_epoch5_lr1e-5.yaml,exp/results/repro/UFMR/chime6_epoch5_lr1e-5.txt,complete,ROB-108-chime6-test-UFMR-chime6_epoch5_lr1e-5-repeat1,0.843584773,0.620232640,-0.223352133,-26.48
UFMR,UFMR,chime6,chime6,CHiME-6,test,5,1e-5,2,223456,exp/results/repro/learnt_augmentation_repeats/rob337/UFMR/configs/chime6_epoch5_lr1e-5_repeat2.yaml,exp/results/repro/learnt_augmentation_repeats/rob337/UFMR/chime6_epoch5_lr1e-5_repeat2.txt,complete,ROB-337-chime6-test-UFMR-epoch5-lr1e-5-repeat2-seed223456,0.843584773,0.623863236,-0.219721537,-26.05
UFMR,UFMR,chime6,chime6,CHiME-6,test,5,1e-5,3,323456,exp/results/repro/learnt_augmentation_repeats/rob337/UFMR/configs/chime6_epoch5_lr1e-5_repeat3.yaml,exp/results/repro/learnt_augmentation_repeats/rob337/UFMR/chime6_epoch5_lr1e-5_repeat3.txt,complete,ROB-337-chime6-test-UFMR-epoch5-lr1e-5-repeat3-seed323456,0.843637645,0.618276348,-0.225361297,-26.71
RFM,RFM,tedlium,tedlium,TED-LIUM,test,1,1e-5,1,123456,exp/results/repro/RFM/configs/tedlium_epoch1_lr1e-5.yaml,exp/results/repro/RFM/tedlium_epoch1_lr1e-5.txt,complete,ROB-108-tedlium-test-RFM-tedlium_epoch1_lr1e-5-repeat1,0.085344675,0.078291689,-0.007052986,-8.26
RFM,RFM,tedlium,tedlium,TED-LIUM,test,1,1e-5,2,223456,exp/results/repro/learnt_augmentation_repeats/rob337/RFM/configs/tedlium_epoch1_lr1e-5_repeat2.yaml,exp/results/repro/learnt_augmentation_repeats/rob337/RFM/tedlium_epoch1_lr1e-5_repeat2.txt,complete,ROB-337-tedlium-test-RFM-epoch1-lr1e-5-repeat2-seed223456,0.085344675,0.077192982,-0.008151692,-9.55
RFM,RFM,tedlium,tedlium,TED-LIUM,test,1,1e-5,3,323456,exp/results/repro/learnt_augmentation_repeats/rob337/RFM/configs/tedlium_epoch1_lr1e-5_repeat3.yaml,exp/results/repro/learnt_augmentation_repeats/rob337/RFM/tedlium_epoch1_lr1e-5_repeat3.txt,complete,ROB-337-tedlium-test-RFM-epoch1-lr1e-5-repeat3-seed323456,0.085344675,0.077901825,-0.007442850,-8.72
RFM,RFM,tedlium,tedlium,TED-LIUM,test,5,1e-5,1,123456,exp/results/repro/RFM/configs/tedlium_epoch5_lr1e-5.yaml,exp/results/repro/RFM/tedlium_epoch5_lr1e-5.txt,complete,ROB-108-tedlium-test-RFM-tedlium_epoch5_lr1e-5-repeat1,0.085344675,0.075917065,-0.009427609,-11.05
RFM,RFM,tedlium,tedlium,TED-LIUM,test,5,1e-5,2,223456,exp/results/repro/learnt_augmentation_repeats/rob337/RFM/configs/tedlium_epoch5_lr1e-5_repeat2.yaml,exp/results/repro/learnt_augmentation_repeats/rob337/RFM/tedlium_epoch5_lr1e-5_repeat2.txt,complete,ROB-337-tedlium-test-RFM-epoch5-lr1e-5-repeat2-seed223456,0.085344675,0.075704413,-0.009640262,-11.30
RFM,RFM,tedlium,tedlium,TED-LIUM,test,5,1e-5,3,323456,exp/results/repro/learnt_augmentation_repeats/rob337/RFM/configs/tedlium_epoch5_lr1e-5_repeat3.yaml,exp/results/repro/learnt_augmentation_repeats/rob337/RFM/tedlium_epoch5_lr1e-5_repeat3.txt,complete,ROB-337-tedlium-test-RFM-epoch5-lr1e-5-repeat3-seed323456,0.085344675,0.075917065,-0.009427609,-11.05
RFM,RFM,earnings22,earnings22,Earnings-22,test,1,1e-5,1,123456,exp/results/repro/RFM/configs/earnings22_epoch1_lr1e-5.yaml,exp/results/repro/RFM/earnings22_epoch1_lr1e-5.txt,complete,ROB-108-earnings22-test-RFM-earnings22_epoch1_lr1e-5-repeat1,0.235238854,0.195535404,-0.039703450,-16.88
RFM,RFM,earnings22,earnings22,Earnings-22,test,1,1e-5,2,223456,exp/results/repro/learnt_augmentation_repeats/rob337/RFM/configs/earnings22_epoch1_lr1e-5_repeat2.yaml,exp/results/repro/learnt_augmentation_repeats/rob337/RFM/earnings22_epoch1_lr1e-5_repeat2.txt,complete,ROB-337-earnings22-test-RFM-epoch1-lr1e-5-repeat2-seed223456,0.235238854,0.196005147,-0.039233707,-16.68
RFM,RFM,earnings22,earnings22,Earnings-22,test,1,1e-5,3,323456,exp/results/repro/learnt_augmentation_repeats/rob337/RFM/configs/earnings22_epoch1_lr1e-5_repeat3.yaml,exp/results/repro/learnt_augmentation_repeats/rob337/RFM/earnings22_epoch1_lr1e-5_repeat3.txt,complete,ROB-337-earnings22-test-RFM-epoch1-lr1e-5-repeat3-seed323456,0.235198007,0.196495313,-0.038702694,-16.46
RFM,RFM,earnings22,earnings22,Earnings-22,test,5,1e-5,1,123456,exp/results/repro/RFM/configs/earnings22_epoch5_lr1e-5.yaml,exp/results/repro/RFM/earnings22_epoch5_lr1e-5.txt,complete,ROB-108-earnings22-test-RFM-earnings22_epoch5_lr1e-5-repeat1,0.235218430,0.183179135,-0.052039295,-22.12
RFM,RFM,earnings22,earnings22,Earnings-22,test,5,1e-5,2,223456,exp/results/repro/learnt_augmentation_repeats/rob337/RFM/configs/earnings22_epoch5_lr1e-5_repeat2.yaml,exp/results/repro/learnt_augmentation_repeats/rob337/RFM/earnings22_epoch5_lr1e-5_repeat2.txt,complete,ROB-337-earnings22-test-RFM-epoch5-lr1e-5-repeat2-seed223456,0.235218430,0.184690481,-0.050527950,-21.48
RFM,RFM,earnings22,earnings22,Earnings-22,test,5,1e-5,3,323456,exp/results/repro/learnt_augmentation_repeats/rob337/RFM/configs/earnings22_epoch5_lr1e-5_repeat3.yaml,exp/results/repro/learnt_augmentation_repeats/rob337/RFM/earnings22_epoch5_lr1e-5_repeat3.txt,complete,ROB-337-earnings22-test-RFM-epoch5-lr1e-5-repeat3-seed323456,0.235238854,0.186160979,-0.049077875,-20.86
RFM,RFM,rev16,rev16,Rev16,test,1,1e-5,1,123456,exp/results/repro/RFM/configs/rev16_epoch1_lr1e-5.yaml,exp/results/repro/RFM/rev16_epoch1_lr1e-5.txt,complete,ROB-108-rev16-test-RFM-rev16_epoch1_lr1e-5-repeat1,0.172509230,0.165059004,-0.007450225,-4.32
RFM,RFM,rev16,rev16,Rev16,test,1,1e-5,2,223456,exp/results/repro/learnt_augmentation_repeats/rob337/RFM/configs/rev16_epoch1_lr1e-5_repeat2.yaml,exp/results/repro/learnt_augmentation_repeats/rob337/RFM/rev16_epoch1_lr1e-5_repeat2.txt,complete,ROB-337-rev16-test-RFM-epoch1-lr1e-5-repeat2-seed223456,0.172575613,0.165503260,-0.007072352,-4.10
RFM,RFM,rev16,rev16,Rev16,test,1,1e-5,3,323456,exp/results/repro/learnt_augmentation_repeats/rob337/RFM/configs/rev16_epoch1_lr1e-5_repeat3.yaml,exp/results/repro/learnt_augmentation_repeats/rob337/RFM/rev16_epoch1_lr1e-5_repeat3.txt,complete,ROB-337-rev16-test-RFM-epoch1-lr1e-5-repeat3-seed323456,0.172570507,0.164492195,-0.008078312,-4.68
RFM,RFM,rev16,rev16,Rev16,test,5,1e-5,1,123456,exp/results/repro/RFM/configs/rev16_epoch5_lr1e-5.yaml,exp/results/repro/RFM/rev16_epoch5_lr1e-5.txt,complete,ROB-108-rev16-test-RFM-rev16_epoch5_lr1e-5-repeat1,0.172509230,0.164022407,-0.008486823,-4.92
RFM,RFM,rev16,rev16,Rev16,test,5,1e-5,2,223456,exp/results/repro/learnt_augmentation_repeats/rob337/RFM/configs/rev16_epoch5_lr1e-5_repeat2.yaml,exp/results/repro/learnt_augmentation_repeats/rob337/RFM/rev16_epoch5_lr1e-5_repeat2.txt,complete,ROB-337-rev16-test-RFM-epoch5-lr1e-5-repeat2-seed223456,0.172575613,0.164119428,-0.008456185,-4.90
RFM,RFM,rev16,rev16,Rev16,test,5,1e-5,3,323456,exp/results/repro/learnt_augmentation_repeats/rob337/RFM/configs/rev16_epoch5_lr1e-5_repeat3.yaml,exp/results/repro/learnt_augmentation_repeats/rob337/RFM/rev16_epoch5_lr1e-5_repeat3.txt,complete,ROB-337-rev16-test-RFM-epoch5-lr1e-5-repeat3-seed323456,0.172575613,0.163767087,-0.008808526,-5.10
RFM,RFM,TAL,this_american_life,TAL,test,1,1e-5,1,123456,exp/results/repro/RFM/configs/TAL_epoch1_lr1e-5.yaml,exp/results/repro/RFM/TAL_epoch1_lr1e-5.txt,complete,ROB-108-this_american_life-test-RFM-TAL_epoch1_lr1e-5-repeat1,0.165696789,0.161865210,-0.003831580,-2.31
RFM,RFM,TAL,this_american_life,TAL,test,1,1e-5,2,223456,exp/results/repro/learnt_augmentation_repeats/rob337/RFM/configs/TAL_epoch1_lr1e-5_repeat2.yaml,exp/results/repro/learnt_augmentation_repeats/rob337/RFM/TAL_epoch1_lr1e-5_repeat2.txt,complete,ROB-337-TAL-test-RFM-epoch1-lr1e-5-repeat2-seed223456,0.165691150,0.161955431,-0.003735720,-2.25
RFM,RFM,TAL,this_american_life,TAL,test,1,1e-5,3,323456,exp/results/repro/learnt_augmentation_repeats/rob337/RFM/configs/TAL_epoch1_lr1e-5_repeat3.yaml,exp/results/repro/learnt_augmentation_repeats/rob337/RFM/TAL_epoch1_lr1e-5_repeat3.txt,complete,ROB-337-TAL-test-RFM-epoch1-lr1e-5-repeat3-seed323456,0.165691150,0.161992083,-0.003699067,-2.23
RFM,RFM,TAL,this_american_life,TAL,test,5,1e-5,1,123456,exp/results/repro/RFM/configs/TAL_epoch5_lr1e-5.yaml,exp/results/repro/RFM/TAL_epoch5_lr1e-5.txt,complete,ROB-108-this_american_life-test-RFM-TAL_epoch5_lr1e-5-repeat1,0.165696789,0.161171634,-0.004525155,-2.73
RFM,RFM,TAL,this_american_life,TAL,test,5,1e-5,2,223456,exp/results/repro/learnt_augmentation_repeats/rob337/RFM/configs/TAL_epoch5_lr1e-5_repeat2.yaml,exp/results/repro/learnt_augmentation_repeats/rob337/RFM/TAL_epoch5_lr1e-5_repeat2.txt,complete,ROB-337-TAL-test-RFM-epoch5-lr1e-5-repeat2-seed223456,0.165685512,0.160869957,-0.004815554,-2.91
RFM,RFM,TAL,this_american_life,TAL,test,5,1e-5,3,323456,exp/results/repro/learnt_augmentation_repeats/rob337/RFM/configs/TAL_epoch5_lr1e-5_repeat3.yaml,exp/results/repro/learnt_augmentation_repeats/rob337/RFM/TAL_epoch5_lr1e-5_repeat3.txt,complete,ROB-337-TAL-test-RFM-epoch5-lr1e-5-repeat3-seed323456,0.165691150,0.161760891,-0.003930259,-2.37
RFM,RFM,chime6,chime6,CHiME-6,test,1,1e-5,1,123456,exp/results/repro/RFM/configs/chime6_epoch1_lr1e-5.yaml,exp/results/repro/RFM/chime6_epoch1_lr1e-5.txt,complete,ROB-108-chime6-test-RFM-chime6_epoch1_lr1e-5-repeat1,0.843584773,0.666936905,-0.176647867,-20.94
RFM,RFM,chime6,chime6,CHiME-6,test,1,1e-5,2,223456,exp/results/repro/learnt_augmentation_repeats/rob337/RFM/configs/chime6_epoch1_lr1e-5_repeat2.yaml,exp/results/repro/learnt_augmentation_repeats/rob337/RFM/chime6_epoch1_lr1e-5_repeat2.txt,complete,ROB-337-chime6-test-RFM-epoch1-lr1e-5-repeat2-seed223456,0.843584773,0.665509341,-0.178075432,-21.11
RFM,RFM,chime6,chime6,CHiME-6,test,1,1e-5,3,323456,exp/results/repro/learnt_augmentation_repeats/rob337/RFM/configs/chime6_epoch1_lr1e-5_repeat3.yaml,exp/results/repro/learnt_augmentation_repeats/rob337/RFM/chime6_epoch1_lr1e-5_repeat3.txt,complete,ROB-337-chime6-test-RFM-epoch1-lr1e-5-repeat3-seed323456,0.843637645,0.655622136,-0.188015509,-22.29
RFM,RFM,chime6,chime6,CHiME-6,test,5,1e-5,1,123456,exp/results/repro/RFM/configs/chime6_epoch5_lr1e-5.yaml,exp/results/repro/RFM/chime6_epoch5_lr1e-5.txt,complete,ROB-108-chime6-test-RFM-chime6_epoch5_lr1e-5-repeat1,0.843620021,0.655252027,-0.188367994,-22.33
RFM,RFM,chime6,chime6,CHiME-6,test,5,1e-5,2,223456,exp/results/repro/learnt_augmentation_repeats/rob337/RFM/configs/chime6_epoch5_lr1e-5_repeat2.yaml,exp/results/repro/learnt_augmentation_repeats/rob337/RFM/chime6_epoch5_lr1e-5_repeat2.txt,complete,ROB-337-chime6-test-RFM-epoch5-lr1e-5-repeat2-seed223456,0.843620021,0.649242157,-0.194377864,-23.04
RFM,RFM,chime6,chime6,CHiME-6,test,5,1e-5,3,323456,exp/results/repro/learnt_augmentation_repeats/rob337/RFM/configs/chime6_epoch5_lr1e-5_repeat3.yaml,exp/results/repro/learnt_augmentation_repeats/rob337/RFM/chime6_epoch5_lr1e-5_repeat3.txt,complete,ROB-337-chime6-test-RFM-epoch5-lr1e-5-repeat3-seed323456,0.843584773,0.645153331,-0.198431442,-23.52
RMM,RMM,tedlium,tedlium,TED-LIUM,test,1,1e-5,1,123456,exp/results/repro/RMM/configs/tedlium_epoch1_lr1e-5.yaml,exp/results/repro/RMM/tedlium_epoch1_lr1e-5.txt,complete,ROB-108-tedlium-test-RMM-tedlium_epoch1_lr1e-5-repeat1,0.085344675,0.077724615,-0.007620060,-8.93
RMM,RMM,tedlium,tedlium,TED-LIUM,test,1,1e-5,2,223456,exp/results/repro/learnt_augmentation_repeats/rob337/RMM/configs/tedlium_epoch1_lr1e-5_repeat2.yaml,exp/results/repro/learnt_augmentation_repeats/rob337/RMM/tedlium_epoch1_lr1e-5_repeat2.txt,complete,ROB-337-tedlium-test-RMM-epoch1-lr1e-5-repeat2-seed223456,0.085344675,0.077972710,-0.007371965,-8.64
RMM,RMM,tedlium,tedlium,TED-LIUM,test,1,1e-5,3,323456,exp/results/repro/learnt_augmentation_repeats/rob337/RMM/configs/tedlium_epoch1_lr1e-5_repeat3.yaml,exp/results/repro/learnt_augmentation_repeats/rob337/RMM/tedlium_epoch1_lr1e-5_repeat3.txt,complete,ROB-337-tedlium-test-RMM-epoch1-lr1e-5-repeat3-seed323456,0.085344675,0.077441077,-0.007903597,-9.26
RMM,RMM,tedlium,tedlium,TED-LIUM,test,5,1e-5,1,123456,exp/results/repro/RMM/configs/tedlium_epoch5_lr1e-5.yaml,exp/results/repro/RMM/tedlium_epoch5_lr1e-5.txt,complete,ROB-108-tedlium-test-RMM-tedlium_epoch5_lr1e-5-repeat1,0.085344675,0.075031012,-0.010313663,-12.08
RMM,RMM,tedlium,tedlium,TED-LIUM,test,5,1e-5,2,223456,exp/results/repro/learnt_augmentation_repeats/rob337/RMM/configs/tedlium_epoch5_lr1e-5_repeat2.yaml,exp/results/repro/learnt_augmentation_repeats/rob337/RMM/tedlium_epoch5_lr1e-5_repeat2.txt,complete,ROB-337-tedlium-test-RMM-epoch5-lr1e-5-repeat2-seed223456,0.085344675,0.074889243,-0.010455432,-12.25
RMM,RMM,tedlium,tedlium,TED-LIUM,test,5,1e-5,3,323456,exp/results/repro/learnt_augmentation_repeats/rob337/RMM/configs/tedlium_epoch5_lr1e-5_repeat3.yaml,exp/results/repro/learnt_augmentation_repeats/rob337/RMM/tedlium_epoch5_lr1e-5_repeat3.txt,complete,ROB-337-tedlium-test-RMM-epoch5-lr1e-5-repeat3-seed323456,0.085344675,0.075066454,-0.010278221,-12.04
RMM,RMM,earnings22,earnings22,Earnings-22,test,1,1e-5,1,123456,exp/results/repro/RMM/configs/earnings22_epoch1_lr1e-5.yaml,exp/results/repro/RMM/earnings22_epoch1_lr1e-5.txt,complete,ROB-108-earnings22-test-RMM-earnings22_epoch1_lr1e-5-repeat1,0.235218430,0.196209383,-0.039009048,-16.58
RMM,RMM,earnings22,earnings22,Earnings-22,test,1,1e-5,2,223456,exp/results/repro/learnt_augmentation_repeats/rob337/RMM/configs/earnings22_epoch1_lr1e-5_repeat2.yaml,exp/results/repro/learnt_augmentation_repeats/rob337/RMM/earnings22_epoch1_lr1e-5_repeat2.txt,complete,ROB-337-earnings22-test-RMM-epoch1-lr1e-5-repeat2-seed223456,0.235218430,0.197884117,-0.037334314,-15.87
RMM,RMM,earnings22,earnings22,Earnings-22,test,1,1e-5,3,323456,exp/results/repro/learnt_augmentation_repeats/rob337/RMM/configs/earnings22_epoch1_lr1e-5_repeat3.yaml,exp/results/repro/learnt_augmentation_repeats/rob337/RMM/earnings22_epoch1_lr1e-5_repeat3.txt,complete,ROB-337-earnings22-test-RMM-epoch1-lr1e-5-repeat3-seed323456,0.235238854,0.196127688,-0.039111166,-16.63
RMM,RMM,earnings22,earnings22,Earnings-22,test,5,1e-5,1,123456,exp/results/repro/RMM/configs/earnings22_epoch5_lr1e-5.yaml,exp/results/repro/RMM/earnings22_epoch5_lr1e-5.txt,complete,ROB-108-earnings22-test-RMM-earnings22_epoch5_lr1e-5-repeat1,0.235218430,0.183996079,-0.051222352,-21.78
RMM,RMM,earnings22,earnings22,Earnings-22,test,5,1e-5,2,223456,exp/results/repro/learnt_augmentation_repeats/rob337/RMM/configs/earnings22_epoch5_lr1e-5_repeat2.yaml,exp/results/repro/learnt_augmentation_repeats/rob337/RMM/earnings22_epoch5_lr1e-5_repeat2.txt,complete,ROB-337-earnings22-test-RMM-epoch5-lr1e-5-repeat2-seed223456,0.235198007,0.183281253,-0.051916753,-22.07
RMM,RMM,earnings22,earnings22,Earnings-22,test,5,1e-5,3,323456,exp/results/repro/learnt_augmentation_repeats/rob337/RMM/configs/earnings22_epoch5_lr1e-5_repeat3.yaml,exp/results/repro/learnt_augmentation_repeats/rob337/RMM/earnings22_epoch5_lr1e-5_repeat3.txt,complete,ROB-337-earnings22-test-RMM-epoch5-lr1e-5-repeat3-seed323456,0.235218430,0.183138288,-0.052080142,-22.14
RMM,RMM,rev16,rev16,Rev16,test,1,1e-5,1,123456,exp/results/repro/RMM/configs/rev16_epoch1_lr1e-5.yaml,exp/results/repro/RMM/rev16_epoch1_lr1e-5.txt,complete,ROB-108-rev16-test-RMM-rev16_epoch1_lr1e-5-repeat1,0.172504123,0.164109216,-0.008394908,-4.87
RMM,RMM,rev16,rev16,Rev16,test,1,1e-5,2,223456,exp/results/repro/learnt_augmentation_repeats/rob337/RMM/configs/rev16_epoch1_lr1e-5_repeat2.yaml,exp/results/repro/learnt_augmentation_repeats/rob337/RMM/rev16_epoch1_lr1e-5_repeat2.txt,complete,ROB-337-rev16-test-RMM-epoch1-lr1e-5-repeat2-seed223456,0.172575613,0.164875174,-0.007700439,-4.46
RMM,RMM,rev16,rev16,Rev16,test,1,1e-5,3,323456,exp/results/repro/learnt_augmentation_repeats/rob337/RMM/configs/rev16_epoch1_lr1e-5_repeat3.yaml,exp/results/repro/learnt_augmentation_repeats/rob337/RMM/rev16_epoch1_lr1e-5_repeat3.txt,complete,ROB-337-rev16-test-RMM-epoch1-lr1e-5-repeat3-seed323456,0.172575613,0.164527940,-0.008047673,-4.66
RMM,RMM,rev16,rev16,Rev16,test,5,1e-5,1,123456,exp/results/repro/RMM/configs/rev16_epoch5_lr1e-5.yaml,exp/results/repro/RMM/rev16_epoch5_lr1e-5.txt,complete,ROB-108-rev16-test-RMM-rev16_epoch5_lr1e-5-repeat1,0.172509230,0.266461730,0.093952500,54.46
RMM,RMM,rev16,rev16,Rev16,test,5,1e-5,2,223456,exp/results/repro/learnt_augmentation_repeats/rob337/RMM/configs/rev16_epoch5_lr1e-5_repeat2.yaml,exp/results/repro/learnt_augmentation_repeats/rob337/RMM/rev16_epoch5_lr1e-5_repeat2.txt,complete,ROB-337-rev16-test-RMM-epoch5-lr1e-5-repeat2-seed223456,0.172570507,0.160095592,-0.012474915,-7.23
RMM,RMM,rev16,rev16,Rev16,test,5,1e-5,3,323456,exp/results/repro/learnt_augmentation_repeats/rob337/RMM/configs/rev16_epoch5_lr1e-5_repeat3.yaml,exp/results/repro/learnt_augmentation_repeats/rob337/RMM/rev16_epoch5_lr1e-5_repeat3.txt,complete,ROB-337-rev16-test-RMM-epoch5-lr1e-5-repeat3-seed323456,0.172575613,0.160498997,-0.012076616,-7.00
RMM,RMM,TAL,this_american_life,TAL,test,1,1e-5,1,123456,exp/results/repro/RMM/configs/TAL_epoch1_lr1e-5.yaml,exp/results/repro/RMM/TAL_epoch1_lr1e-5.txt,complete,ROB-108-this_american_life-test-RMM-TAL_epoch1_lr1e-5-repeat1,0.165691150,0.159962107,-0.005729043,-3.46
RMM,RMM,TAL,this_american_life,TAL,test,1,1e-5,2,223456,exp/results/repro/learnt_augmentation_repeats/rob337/RMM/configs/TAL_epoch1_lr1e-5_repeat2.yaml,exp/results/repro/learnt_augmentation_repeats/rob337/RMM/TAL_epoch1_lr1e-5_repeat2.txt,complete,ROB-337-TAL-test-RMM-epoch1-lr1e-5-repeat2-seed223456,0.165685512,0.159716818,-0.005968693,-3.60
RMM,RMM,TAL,this_american_life,TAL,test,1,1e-5,3,323456,exp/results/repro/learnt_augmentation_repeats/rob337/RMM/configs/TAL_epoch1_lr1e-5_repeat3.yaml,exp/results/repro/learnt_augmentation_repeats/rob337/RMM/TAL_epoch1_lr1e-5_repeat3.txt,complete,ROB-337-TAL-test-RMM-epoch1-lr1e-5-repeat3-seed323456,0.165691150,0.160080522,-0.005610628,-3.39
RMM,RMM,TAL,this_american_life,TAL,test,5,1e-5,1,123456,exp/results/repro/RMM/configs/TAL_epoch5_lr1e-5.yaml,exp/results/repro/RMM/TAL_epoch5_lr1e-5.txt,complete,ROB-108-this_american_life-test-RMM-TAL_epoch5_lr1e-5-repeat1,0.165702428,0.155484882,-0.010217546,-6.17
RMM,RMM,TAL,this_american_life,TAL,test,5,1e-5,2,223456,exp/results/repro/learnt_augmentation_repeats/rob337/RMM/configs/TAL_epoch5_lr1e-5_repeat2.yaml,exp/results/repro/learnt_augmentation_repeats/rob337/RMM/TAL_epoch5_lr1e-5_repeat2.txt,complete,ROB-337-TAL-test-RMM-epoch5-lr1e-5-repeat2-seed223456,0.165691150,0.156136166,-0.009554984,-5.77
RMM,RMM,TAL,this_american_life,TAL,test,5,1e-5,3,323456,exp/results/repro/learnt_augmentation_repeats/rob337/RMM/configs/TAL_epoch5_lr1e-5_repeat3.yaml,exp/results/repro/learnt_augmentation_repeats/rob337/RMM/TAL_epoch5_lr1e-5_repeat3.txt,complete,ROB-337-TAL-test-RMM-epoch5-lr1e-5-repeat3-seed323456,0.165685512,0.156029029,-0.009656483,-5.83
RMM,RMM,chime6,chime6,CHiME-6,test,1,1e-5,1,123456,exp/results/repro/RMM/configs/chime6_epoch1_lr1e-5.yaml,exp/results/repro/RMM/chime6_epoch1_lr1e-5.txt,complete,ROB-108-chime6-test-RMM-chime6_epoch1_lr1e-5-repeat1,0.843620021,0.831670779,-0.011949242,-1.42
RMM,RMM,chime6,chime6,CHiME-6,test,1,1e-5,2,223456,exp/results/repro/learnt_augmentation_repeats/rob337/RMM/configs/chime6_epoch1_lr1e-5_repeat2.yaml,exp/results/repro/learnt_augmentation_repeats/rob337/RMM/chime6_epoch1_lr1e-5_repeat2.txt,complete,ROB-337-chime6-test-RMM-epoch1-lr1e-5-repeat2-seed223456,0.843620021,0.836852309,-0.006767712,-0.80
RMM,RMM,chime6,chime6,CHiME-6,test,1,1e-5,3,323456,exp/results/repro/learnt_augmentation_repeats/rob337/RMM/configs/chime6_epoch1_lr1e-5_repeat3.yaml,exp/results/repro/learnt_augmentation_repeats/rob337/RMM/chime6_epoch1_lr1e-5_repeat3.txt,complete,ROB-337-chime6-test-RMM-epoch1-lr1e-5-repeat3-seed323456,0.843584773,0.803524850,-0.040059922,-4.75
RMM,RMM,chime6,chime6,CHiME-6,test,5,1e-5,1,123456,exp/results/repro/RMM/configs/chime6_epoch5_lr1e-5.yaml,exp/results/repro/RMM/chime6_epoch5_lr1e-5.txt,complete,ROB-108-chime6-test-RMM-chime6_epoch5_lr1e-5-repeat1,0.843620021,1.000000000,0.156379979,18.54
RMM,RMM,chime6,chime6,CHiME-6,test,5,1e-5,2,223456,exp/results/repro/learnt_augmentation_repeats/rob337/RMM/configs/chime6_epoch5_lr1e-5_repeat2.yaml,exp/results/repro/learnt_augmentation_repeats/rob337/RMM/chime6_epoch5_lr1e-5_repeat2.txt,complete,ROB-337-chime6-test-RMM-epoch5-lr1e-5-repeat2-seed223456,0.843637645,1.000000000,0.156362355,18.53
RMM,RMM,chime6,chime6,CHiME-6,test,5,1e-5,3,323456,exp/results/repro/learnt_augmentation_repeats/rob337/RMM/configs/chime6_epoch5_lr1e-5_repeat3.yaml,exp/results/repro/learnt_augmentation_repeats/rob337/RMM/chime6_epoch5_lr1e-5_repeat3.txt,complete,ROB-337-chime6-test-RMM-epoch5-lr1e-5-repeat3-seed323456,0.843620021,1.000000000,0.156379979,18.54
UVQLM,UC-MLM,tedlium,tedlium,TED-LIUM,test,1,1e-5,1,123456,exp/results/repro/UVQLM/configs/tedlium_epoch1_lr1e-5.yaml,exp/results/repro/UVQLM/tedlium_epoch1_lr1e-5.txt,complete,ROB-108-tedlium-test-UVQLM-tedlium_epoch1_lr1e-5-repeat1,0.085344675,0.076767677,-0.008576998,-10.05
UVQLM,UC-MLM,tedlium,tedlium,TED-LIUM,test,1,1e-5,2,223456,exp/results/repro/learnt_augmentation_repeats/rob337/UVQLM/configs/tedlium_epoch1_lr1e-5_repeat2.yaml,exp/results/repro/learnt_augmentation_repeats/rob337/UVQLM/tedlium_epoch1_lr1e-5_repeat2.txt,complete,ROB-337-tedlium-test-UVQLM-epoch1-lr1e-5-repeat2-seed223456,0.085344675,0.076484140,-0.008860535,-10.38
UVQLM,UC-MLM,tedlium,tedlium,TED-LIUM,test,1,1e-5,3,323456,exp/results/repro/learnt_augmentation_repeats/rob337/UVQLM/configs/tedlium_epoch1_lr1e-5_repeat3.yaml,exp/results/repro/learnt_augmentation_repeats/rob337/UVQLM/tedlium_epoch1_lr1e-5_repeat3.txt,complete,ROB-337-tedlium-test-UVQLM-epoch1-lr1e-5-repeat3-seed323456,0.085344675,0.077724615,-0.007620060,-8.93
UVQLM,UC-MLM,tedlium,tedlium,TED-LIUM,test,5,1e-5,1,123456,exp/results/repro/UVQLM/configs/tedlium_epoch5_lr1e-5.yaml,exp/results/repro/UVQLM/tedlium_epoch5_lr1e-5.txt,complete,ROB-108-tedlium-test-UVQLM-tedlium_epoch5_lr1e-5-repeat1,0.085344675,0.074286727,-0.011057948,-12.96
UVQLM,UC-MLM,tedlium,tedlium,TED-LIUM,test,5,1e-5,2,223456,exp/results/repro/learnt_augmentation_repeats/rob337/UVQLM/configs/tedlium_epoch5_lr1e-5_repeat2.yaml,exp/results/repro/learnt_augmentation_repeats/rob337/UVQLM/tedlium_epoch5_lr1e-5_repeat2.txt,complete,ROB-337-tedlium-test-UVQLM-epoch5-lr1e-5-repeat2-seed223456,0.085344675,0.075314549,-0.010030126,-11.75
UVQLM,UC-MLM,tedlium,tedlium,TED-LIUM,test,5,1e-5,3,323456,exp/results/repro/learnt_augmentation_repeats/rob337/UVQLM/configs/tedlium_epoch5_lr1e-5_repeat3.yaml,exp/results/repro/learnt_augmentation_repeats/rob337/UVQLM/tedlium_epoch5_lr1e-5_repeat3.txt,complete,ROB-337-tedlium-test-UVQLM-epoch5-lr1e-5-repeat3-seed323456,0.085344675,0.075031012,-0.010313663,-12.08
UVQLM,UC-MLM,earnings22,earnings22,Earnings-22,test,1,1e-5,1,123456,exp/results/repro/UVQLM/configs/earnings22_epoch1_lr1e-5.yaml,exp/results/repro/UVQLM/earnings22_epoch1_lr1e-5.txt,complete,ROB-108-earnings22-test-UVQLM-earnings22_epoch1_lr1e-5-repeat1,0.235238854,0.195535404,-0.039703450,-16.88
UVQLM,UC-MLM,earnings22,earnings22,Earnings-22,test,1,1e-5,2,223456,exp/results/repro/learnt_augmentation_repeats/rob337/UVQLM/configs/earnings22_epoch1_lr1e-5_repeat2.yaml,exp/results/repro/learnt_augmentation_repeats/rob337/UVQLM/earnings22_epoch1_lr1e-5_repeat2.txt,complete,ROB-337-earnings22-test-UVQLM-epoch1-lr1e-5-repeat2-seed223456,0.235198007,0.196209383,-0.038988624,-16.58
UVQLM,UC-MLM,earnings22,earnings22,Earnings-22,test,1,1e-5,3,323456,exp/results/repro/learnt_augmentation_repeats/rob337/UVQLM/configs/earnings22_epoch1_lr1e-5_repeat3.yaml,exp/results/repro/learnt_augmentation_repeats/rob337/UVQLM/earnings22_epoch1_lr1e-5_repeat3.txt,complete,ROB-337-earnings22-test-UVQLM-epoch1-lr1e-5-repeat3-seed323456,0.235218430,0.194983967,-0.040234463,-17.11
UVQLM,UC-MLM,earnings22,earnings22,Earnings-22,test,5,1e-5,1,123456,exp/results/repro/UVQLM/configs/earnings22_epoch5_lr1e-5.yaml,exp/results/repro/UVQLM/earnings22_epoch5_lr1e-5.txt,complete,ROB-108-earnings22-test-UVQLM-earnings22_epoch5_lr1e-5-repeat1,0.235218430,0.182893205,-0.052325225,-22.25
UVQLM,UC-MLM,earnings22,earnings22,Earnings-22,test,5,1e-5,2,223456,exp/results/repro/learnt_augmentation_repeats/rob337/UVQLM/configs/earnings22_epoch5_lr1e-5_repeat2.yaml,exp/results/repro/learnt_augmentation_repeats/rob337/UVQLM/earnings22_epoch5_lr1e-5_repeat2.txt,complete,ROB-337-earnings22-test-UVQLM-epoch5-lr1e-5-repeat2-seed223456,0.235238854,0.183832690,-0.051406164,-21.85
UVQLM,UC-MLM,earnings22,earnings22,Earnings-22,test,5,1e-5,3,323456,exp/results/repro/learnt_augmentation_repeats/rob337/UVQLM/configs/earnings22_epoch5_lr1e-5_repeat3.yaml,exp/results/repro/learnt_augmentation_repeats/rob337/UVQLM/earnings22_epoch5_lr1e-5_repeat3.txt,complete,ROB-337-earnings22-test-UVQLM-epoch5-lr1e-5-repeat3-seed323456,0.235198007,0.182770664,-0.052427343,-22.29
UVQLM,UC-MLM,rev16,rev16,Rev16,test,1,1e-5,1,123456,exp/results/repro/UVQLM/configs/rev16_epoch1_lr1e-5.yaml,exp/results/repro/UVQLM/rev16_epoch1_lr1e-5.txt,complete,ROB-108-rev16-test-UVQLM-rev16_epoch1_lr1e-5-repeat1,0.172509230,0.163833470,-0.008675759,-5.03
UVQLM,UC-MLM,rev16,rev16,Rev16,test,1,1e-5,2,223456,exp/results/repro/learnt_augmentation_repeats/rob337/UVQLM/configs/rev16_epoch1_lr1e-5_repeat2.yaml,exp/results/repro/learnt_augmentation_repeats/rob337/UVQLM/rev16_epoch1_lr1e-5_repeat2.txt,complete,ROB-337-rev16-test-UVQLM-epoch1-lr1e-5-repeat2-seed223456,0.172570507,0.163506661,-0.009063845,-5.25
UVQLM,UC-MLM,rev16,rev16,Rev16,test,1,1e-5,3,323456,exp/results/repro/learnt_augmentation_repeats/rob337/UVQLM/configs/rev16_epoch1_lr1e-5_repeat3.yaml,exp/results/repro/learnt_augmentation_repeats/rob337/UVQLM/rev16_epoch1_lr1e-5_repeat3.txt,complete,ROB-337-rev16-test-UVQLM-epoch1-lr1e-5-repeat3-seed323456,0.172575613,0.163527087,-0.009048526,-5.24
UVQLM,UC-MLM,rev16,rev16,Rev16,test,5,1e-5,1,123456,exp/results/repro/UVQLM/configs/rev16_epoch5_lr1e-5.yaml,exp/results/repro/UVQLM/rev16_epoch5_lr1e-5.txt,complete,ROB-108-rev16-test-UVQLM-rev16_epoch5_lr1e-5-repeat1,0.172509230,0.159656442,-0.012852788,-7.45
UVQLM,UC-MLM,rev16,rev16,Rev16,test,5,1e-5,2,223456,exp/results/repro/learnt_augmentation_repeats/rob337/UVQLM/configs/rev16_epoch5_lr1e-5_repeat2.yaml,exp/results/repro/learnt_augmentation_repeats/rob337/UVQLM/rev16_epoch5_lr1e-5_repeat2.txt,complete,ROB-337-rev16-test-UVQLM-epoch5-lr1e-5-repeat2-seed223456,0.172575613,0.159988357,-0.012587255,-7.29
UVQLM,UC-MLM,rev16,rev16,Rev16,test,5,1e-5,3,323456,exp/results/repro/learnt_augmentation_repeats/rob337/UVQLM/configs/rev16_epoch5_lr1e-5_repeat3.yaml,exp/results/repro/learnt_augmentation_repeats/rob337/UVQLM/rev16_epoch5_lr1e-5_repeat3.txt,complete,ROB-337-rev16-test-UVQLM-epoch5-lr1e-5-repeat3-seed323456,0.172570507,0.160121124,-0.012449383,-7.21
UVQLM,UC-MLM,TAL,this_american_life,TAL,test,1,1e-5,1,123456,exp/results/repro/UVQLM/configs/TAL_epoch1_lr1e-5.yaml,exp/results/repro/UVQLM/TAL_epoch1_lr1e-5.txt,complete,ROB-108-this_american_life-test-UVQLM-TAL_epoch1_lr1e-5-repeat1,0.165691150,0.159612500,-0.006078650,-3.67
UVQLM,UC-MLM,TAL,this_american_life,TAL,test,1,1e-5,2,223456,exp/results/repro/learnt_augmentation_repeats/rob337/UVQLM/configs/TAL_epoch1_lr1e-5_repeat2.yaml,exp/results/repro/learnt_augmentation_repeats/rob337/UVQLM/TAL_epoch1_lr1e-5_repeat2.txt,complete,ROB-337-TAL-test-UVQLM-epoch1-lr1e-5-repeat2-seed223456,0.165691150,0.159282629,-0.006408521,-3.87
UVQLM,UC-MLM,TAL,this_american_life,TAL,test,1,1e-5,3,323456,exp/results/repro/learnt_augmentation_repeats/rob337/UVQLM/configs/TAL_epoch1_lr1e-5_repeat3.yaml,exp/results/repro/learnt_augmentation_repeats/rob337/UVQLM/TAL_epoch1_lr1e-5_repeat3.txt,complete,ROB-337-TAL-test-UVQLM-epoch1-lr1e-5-repeat3-seed323456,0.165685512,0.159330559,-0.006354953,-3.84
UVQLM,UC-MLM,TAL,this_american_life,TAL,test,5,1e-5,1,123456,exp/results/repro/UVQLM/configs/TAL_epoch5_lr1e-5.yaml,exp/results/repro/UVQLM/TAL_epoch5_lr1e-5.txt,complete,ROB-108-this_american_life-test-UVQLM-TAL_epoch5_lr1e-5-repeat1,0.165691150,0.155045054,-0.010646096,-6.43
UVQLM,UC-MLM,TAL,this_american_life,TAL,test,5,1e-5,2,223456,exp/results/repro/learnt_augmentation_repeats/rob337/UVQLM/configs/TAL_epoch5_lr1e-5_repeat2.yaml,exp/results/repro/learnt_augmentation_repeats/rob337/UVQLM/TAL_epoch5_lr1e-5_repeat2.txt,complete,ROB-337-TAL-test-UVQLM-epoch5-lr1e-5-repeat2-seed223456,0.165691150,0.155149372,-0.010541778,-6.36
UVQLM,UC-MLM,TAL,this_american_life,TAL,test,5,1e-5,3,323456,exp/results/repro/learnt_augmentation_repeats/rob337/UVQLM/configs/TAL_epoch5_lr1e-5_repeat3.yaml,exp/results/repro/learnt_augmentation_repeats/rob337/UVQLM/TAL_epoch5_lr1e-5_repeat3.txt,complete,ROB-337-TAL-test-UVQLM-epoch5-lr1e-5-repeat3-seed323456,0.165691150,0.155011221,-0.010679929,-6.45
UVQLM,UC-MLM,chime6,chime6,CHiME-6,test,1,1e-5,1,123456,exp/results/repro/UVQLM/configs/chime6_epoch1_lr1e-5.yaml,exp/results/repro/UVQLM/chime6_epoch1_lr1e-5.txt,complete,ROB-108-chime6-test-UVQLM-chime6_epoch1_lr1e-5-repeat1,0.843637645,0.834543532,-0.009094114,-1.08
UVQLM,UC-MLM,chime6,chime6,CHiME-6,test,1,1e-5,2,223456,exp/results/repro/learnt_augmentation_repeats/rob337/UVQLM/configs/chime6_epoch1_lr1e-5_repeat2.yaml,exp/results/repro/learnt_augmentation_repeats/rob337/UVQLM/chime6_epoch1_lr1e-5_repeat2.txt,complete,ROB-337-chime6-test-UVQLM-epoch1-lr1e-5-repeat2-seed223456,0.843637645,0.816002820,-0.027634826,-3.28
UVQLM,UC-MLM,chime6,chime6,CHiME-6,test,1,1e-5,3,323456,exp/results/repro/learnt_augmentation_repeats/rob337/UVQLM/configs/chime6_epoch1_lr1e-5_repeat3.yaml,exp/results/repro/learnt_augmentation_repeats/rob337/UVQLM/chime6_epoch1_lr1e-5_repeat3.txt,complete,ROB-337-chime6-test-UVQLM-epoch1-lr1e-5-repeat3-seed323456,0.843620021,0.806609094,-0.037010927,-4.39
UVQLM,UC-MLM,chime6,chime6,CHiME-6,test,5,1e-5,1,123456,exp/results/repro/UVQLM/configs/chime6_epoch5_lr1e-5.yaml,exp/results/repro/UVQLM/chime6_epoch5_lr1e-5.txt,complete,ROB-108-chime6-test-UVQLM-chime6_epoch5_lr1e-5-repeat1,0.843584773,1.000000000,0.156415227,18.54
UVQLM,UC-MLM,chime6,chime6,CHiME-6,test,5,1e-5,2,223456,exp/results/repro/learnt_augmentation_repeats/rob337/UVQLM/configs/chime6_epoch5_lr1e-5_repeat2.yaml,exp/results/repro/learnt_augmentation_repeats/rob337/UVQLM/chime6_epoch5_lr1e-5_repeat2.txt,complete,ROB-337-chime6-test-UVQLM-epoch5-lr1e-5-repeat2-seed223456,0.843584773,1.000000000,0.156415227,18.54
UVQLM,UC-MLM,chime6,chime6,CHiME-6,test,5,1e-5,3,323456,exp/results/repro/learnt_augmentation_repeats/rob337/UVQLM/configs/chime6_epoch5_lr1e-5_repeat3.yaml,exp/results/repro/learnt_augmentation_repeats/rob337/UVQLM/chime6_epoch5_lr1e-5_repeat3.txt,complete,ROB-337-chime6-test-UVQLM-epoch5-lr1e-5-repeat3-seed323456,0.843637645,0.846475150,0.002837504,0.34
