condition,label,reward,dataset_tag,dataset,split,method,repeat,seed,epochs,lr,config_path,result_path,status,original_wer,updated_wer,wer_delta,relative_delta_pct
fixed_reward_1.0,fixed conditioning reward 1.0,1.0,tedlium,tedlium,test,RewardConditionedMaskLMReward1,1,123456,1,1e-5,exp/results/repro/reward_conditioned_lm/no_audio_conditioning/rob124_384_dropout_reward_conditioning/all_dataset_fixed_rewards_0_and_1/RewardConditionedMaskLMReward1/configs/tedlium_test_epoch1_lr1e-5.yaml,exp/results/repro/reward_conditioned_lm/no_audio_conditioning/rob124_384_dropout_reward_conditioning/all_dataset_fixed_rewards_0_and_1/RewardConditionedMaskLMReward1/tedlium_test_epoch1_lr1e-5.txt,complete,0.085345,0.078292,-0.007053,-8.26
fixed_reward_1.0,fixed conditioning reward 1.0,1.0,tedlium,tedlium,test,RewardConditionedMaskLMReward1,1,123456,5,1e-5,exp/results/repro/reward_conditioned_lm/no_audio_conditioning/rob124_384_dropout_reward_conditioning/all_dataset_fixed_rewards_0_and_1/RewardConditionedMaskLMReward1/configs/tedlium_test_epoch5_lr1e-5.yaml,exp/results/repro/reward_conditioned_lm/no_audio_conditioning/rob124_384_dropout_reward_conditioning/all_dataset_fixed_rewards_0_and_1/RewardConditionedMaskLMReward1/tedlium_test_epoch5_lr1e-5.txt,complete,0.085345,0.076236,-0.009109,-10.67
fixed_reward_1.0,fixed conditioning reward 1.0,1.0,tedlium,tedlium,test,RewardConditionedMaskLMReward1,2,123457,1,1e-5,exp/results/repro/reward_conditioned_lm/no_audio_conditioning/rob124_384_dropout_reward_conditioning/all_dataset_fixed_rewards_0_and_1/RewardConditionedMaskLMReward1/configs/tedlium_test_epoch1_lr1e-5_repeat2.yaml,exp/results/repro/reward_conditioned_lm/no_audio_conditioning/rob124_384_dropout_reward_conditioning/all_dataset_fixed_rewards_0_and_1/RewardConditionedMaskLMReward1/tedlium_test_epoch1_lr1e-5_repeat2.txt,complete,0.085345,0.077654,-0.007691,-9.01
fixed_reward_1.0,fixed conditioning reward 1.0,1.0,tedlium,tedlium,test,RewardConditionedMaskLMReward1,2,123457,5,1e-5,exp/results/repro/reward_conditioned_lm/no_audio_conditioning/rob124_384_dropout_reward_conditioning/all_dataset_fixed_rewards_0_and_1/RewardConditionedMaskLMReward1/configs/tedlium_test_epoch5_lr1e-5_repeat2.yaml,exp/results/repro/reward_conditioned_lm/no_audio_conditioning/rob124_384_dropout_reward_conditioning/all_dataset_fixed_rewards_0_and_1/RewardConditionedMaskLMReward1/tedlium_test_epoch5_lr1e-5_repeat2.txt,complete,0.085345,0.075634,-0.009711,-11.38
fixed_reward_1.0,fixed conditioning reward 1.0,1.0,tedlium,tedlium,test,RewardConditionedMaskLMReward1,3,123458,1,1e-5,exp/results/repro/reward_conditioned_lm/no_audio_conditioning/rob124_384_dropout_reward_conditioning/all_dataset_fixed_rewards_0_and_1/RewardConditionedMaskLMReward1/configs/tedlium_test_epoch1_lr1e-5_repeat3.yaml,exp/results/repro/reward_conditioned_lm/no_audio_conditioning/rob124_384_dropout_reward_conditioning/all_dataset_fixed_rewards_0_and_1/RewardConditionedMaskLMReward1/tedlium_test_epoch1_lr1e-5_repeat3.txt,complete,0.085345,0.077618,-0.007726,-9.05
fixed_reward_1.0,fixed conditioning reward 1.0,1.0,tedlium,tedlium,test,RewardConditionedMaskLMReward1,3,123458,5,1e-5,exp/results/repro/reward_conditioned_lm/no_audio_conditioning/rob124_384_dropout_reward_conditioning/all_dataset_fixed_rewards_0_and_1/RewardConditionedMaskLMReward1/configs/tedlium_test_epoch5_lr1e-5_repeat3.yaml,exp/results/repro/reward_conditioned_lm/no_audio_conditioning/rob124_384_dropout_reward_conditioning/all_dataset_fixed_rewards_0_and_1/RewardConditionedMaskLMReward1/tedlium_test_epoch5_lr1e-5_repeat3.txt,complete,0.085345,0.075811,-0.009534,-11.17
fixed_reward_1.0,fixed conditioning reward 1.0,1.0,earnings22,earnings22,test,RewardConditionedMaskLMReward1,1,123456,1,1e-5,exp/results/repro/reward_conditioned_lm/no_audio_conditioning/rob124_384_dropout_reward_conditioning/all_dataset_fixed_rewards_0_and_1/RewardConditionedMaskLMReward1/configs/earnings22_test_epoch1_lr1e-5.yaml,exp/results/repro/reward_conditioned_lm/no_audio_conditioning/rob124_384_dropout_reward_conditioning/all_dataset_fixed_rewards_0_and_1/RewardConditionedMaskLMReward1/earnings22_test_epoch1_lr1e-5.txt,complete,0.235218,0.194004,-0.041215,-17.52
fixed_reward_1.0,fixed conditioning reward 1.0,1.0,earnings22,earnings22,test,RewardConditionedMaskLMReward1,1,123456,5,1e-5,exp/results/repro/reward_conditioned_lm/no_audio_conditioning/rob124_384_dropout_reward_conditioning/all_dataset_fixed_rewards_0_and_1/RewardConditionedMaskLMReward1/configs/earnings22_test_epoch5_lr1e-5.yaml,exp/results/repro/reward_conditioned_lm/no_audio_conditioning/rob124_384_dropout_reward_conditioning/all_dataset_fixed_rewards_0_and_1/RewardConditionedMaskLMReward1/earnings22_test_epoch5_lr1e-5.txt,complete,0.235198,0.186386,-0.048812,-20.75
fixed_reward_1.0,fixed conditioning reward 1.0,1.0,earnings22,earnings22,test,RewardConditionedMaskLMReward1,2,123457,1,1e-5,exp/results/repro/reward_conditioned_lm/no_audio_conditioning/rob124_384_dropout_reward_conditioning/all_dataset_fixed_rewards_0_and_1/RewardConditionedMaskLMReward1/configs/earnings22_test_epoch1_lr1e-5_repeat2.yaml,exp/results/repro/reward_conditioned_lm/no_audio_conditioning/rob124_384_dropout_reward_conditioning/all_dataset_fixed_rewards_0_and_1/RewardConditionedMaskLMReward1/earnings22_test_epoch1_lr1e-5_repeat2.txt,complete,0.235218,0.197353,-0.037865,-16.10
fixed_reward_1.0,fixed conditioning reward 1.0,1.0,earnings22,earnings22,test,RewardConditionedMaskLMReward1,2,123457,5,1e-5,exp/results/repro/reward_conditioned_lm/no_audio_conditioning/rob124_384_dropout_reward_conditioning/all_dataset_fixed_rewards_0_and_1/RewardConditionedMaskLMReward1/configs/earnings22_test_epoch5_lr1e-5_repeat2.yaml,exp/results/repro/reward_conditioned_lm/no_audio_conditioning/rob124_384_dropout_reward_conditioning/all_dataset_fixed_rewards_0_and_1/RewardConditionedMaskLMReward1/earnings22_test_epoch5_lr1e-5_repeat2.txt,complete,0.235239,0.187693,-0.047546,-20.21
fixed_reward_1.0,fixed conditioning reward 1.0,1.0,earnings22,earnings22,test,RewardConditionedMaskLMReward1,3,123458,1,1e-5,exp/results/repro/reward_conditioned_lm/no_audio_conditioning/rob124_384_dropout_reward_conditioning/all_dataset_fixed_rewards_0_and_1/RewardConditionedMaskLMReward1/configs/earnings22_test_epoch1_lr1e-5_repeat3.yaml,exp/results/repro/reward_conditioned_lm/no_audio_conditioning/rob124_384_dropout_reward_conditioning/all_dataset_fixed_rewards_0_and_1/RewardConditionedMaskLMReward1/earnings22_test_epoch1_lr1e-5_repeat3.txt,complete,0.235198,0.194964,-0.040234,-17.11
fixed_reward_1.0,fixed conditioning reward 1.0,1.0,earnings22,earnings22,test,RewardConditionedMaskLMReward1,3,123458,5,1e-5,exp/results/repro/reward_conditioned_lm/no_audio_conditioning/rob124_384_dropout_reward_conditioning/all_dataset_fixed_rewards_0_and_1/RewardConditionedMaskLMReward1/configs/earnings22_test_epoch5_lr1e-5_repeat3.yaml,exp/results/repro/reward_conditioned_lm/no_audio_conditioning/rob124_384_dropout_reward_conditioning/all_dataset_fixed_rewards_0_and_1/RewardConditionedMaskLMReward1/earnings22_test_epoch5_lr1e-5_repeat3.txt,complete,0.235218,0.185303,-0.049915,-21.22
fixed_reward_1.0,fixed conditioning reward 1.0,1.0,rev16,rev16,test,RewardConditionedMaskLMReward1,1,123456,1,1e-5,exp/results/repro/reward_conditioned_lm/no_audio_conditioning/rob124_384_dropout_reward_conditioning/all_dataset_fixed_rewards_0_and_1/RewardConditionedMaskLMReward1/configs/rev16_test_epoch1_lr1e-5.yaml,exp/results/repro/reward_conditioned_lm/no_audio_conditioning/rob124_384_dropout_reward_conditioning/all_dataset_fixed_rewards_0_and_1/RewardConditionedMaskLMReward1/rev16_test_epoch1_lr1e-5.txt,complete,0.172509,0.163599,-0.008911,-5.17
fixed_reward_1.0,fixed conditioning reward 1.0,1.0,rev16,rev16,test,RewardConditionedMaskLMReward1,1,123456,5,1e-5,exp/results/repro/reward_conditioned_lm/no_audio_conditioning/rob124_384_dropout_reward_conditioning/all_dataset_fixed_rewards_0_and_1/RewardConditionedMaskLMReward1/configs/rev16_test_epoch5_lr1e-5.yaml,exp/results/repro/reward_conditioned_lm/no_audio_conditioning/rob124_384_dropout_reward_conditioning/all_dataset_fixed_rewards_0_and_1/RewardConditionedMaskLMReward1/rev16_test_epoch5_lr1e-5.txt,complete,0.172504,0.159958,-0.012546,-7.27
fixed_reward_1.0,fixed conditioning reward 1.0,1.0,rev16,rev16,test,RewardConditionedMaskLMReward1,2,123457,1,1e-5,exp/results/repro/reward_conditioned_lm/no_audio_conditioning/rob124_384_dropout_reward_conditioning/all_dataset_fixed_rewards_0_and_1/RewardConditionedMaskLMReward1/configs/rev16_test_epoch1_lr1e-5_repeat2.yaml,exp/results/repro/reward_conditioned_lm/no_audio_conditioning/rob124_384_dropout_reward_conditioning/all_dataset_fixed_rewards_0_and_1/RewardConditionedMaskLMReward1/rev16_test_epoch1_lr1e-5_repeat2.txt,complete,0.172576,0.162833,-0.009743,-5.65
fixed_reward_1.0,fixed conditioning reward 1.0,1.0,rev16,rev16,test,RewardConditionedMaskLMReward1,2,123457,5,1e-5,exp/results/repro/reward_conditioned_lm/no_audio_conditioning/rob124_384_dropout_reward_conditioning/all_dataset_fixed_rewards_0_and_1/RewardConditionedMaskLMReward1/configs/rev16_test_epoch5_lr1e-5_repeat2.yaml,exp/results/repro/reward_conditioned_lm/no_audio_conditioning/rob124_384_dropout_reward_conditioning/all_dataset_fixed_rewards_0_and_1/RewardConditionedMaskLMReward1/rev16_test_epoch5_lr1e-5_repeat2.txt,complete,0.172571,0.159570,-0.013001,-7.53
fixed_reward_1.0,fixed conditioning reward 1.0,1.0,rev16,rev16,test,RewardConditionedMaskLMReward1,3,123458,1,1e-5,exp/results/repro/reward_conditioned_lm/no_audio_conditioning/rob124_384_dropout_reward_conditioning/all_dataset_fixed_rewards_0_and_1/RewardConditionedMaskLMReward1/configs/rev16_test_epoch1_lr1e-5_repeat3.yaml,exp/results/repro/reward_conditioned_lm/no_audio_conditioning/rob124_384_dropout_reward_conditioning/all_dataset_fixed_rewards_0_and_1/RewardConditionedMaskLMReward1/rev16_test_epoch1_lr1e-5_repeat3.txt,complete,0.172576,0.163170,-0.009406,-5.45
fixed_reward_1.0,fixed conditioning reward 1.0,1.0,rev16,rev16,test,RewardConditionedMaskLMReward1,3,123458,5,1e-5,exp/results/repro/reward_conditioned_lm/no_audio_conditioning/rob124_384_dropout_reward_conditioning/all_dataset_fixed_rewards_0_and_1/RewardConditionedMaskLMReward1/configs/rev16_test_epoch5_lr1e-5_repeat3.yaml,exp/results/repro/reward_conditioned_lm/no_audio_conditioning/rob124_384_dropout_reward_conditioning/all_dataset_fixed_rewards_0_and_1/RewardConditionedMaskLMReward1/rev16_test_epoch5_lr1e-5_repeat3.txt,complete,0.172576,0.159534,-0.013042,-7.56
fixed_reward_1.0,fixed conditioning reward 1.0,1.0,TAL,this_american_life,test,RewardConditionedMaskLMReward1,1,123456,1,1e-5,exp/results/repro/reward_conditioned_lm/no_audio_conditioning/rob124_384_dropout_reward_conditioning/all_dataset_fixed_rewards_0_and_1/RewardConditionedMaskLMReward1/configs/TAL_test_epoch1_lr1e-5.yaml,exp/results/repro/reward_conditioned_lm/no_audio_conditioning/rob124_384_dropout_reward_conditioning/all_dataset_fixed_rewards_0_and_1/RewardConditionedMaskLMReward1/TAL_test_epoch1_lr1e-5.txt,complete,0.165702,0.159077,-0.006626,-4.00
fixed_reward_1.0,fixed conditioning reward 1.0,1.0,TAL,this_american_life,test,RewardConditionedMaskLMReward1,1,123456,5,1e-5,exp/results/repro/reward_conditioned_lm/no_audio_conditioning/rob124_384_dropout_reward_conditioning/all_dataset_fixed_rewards_0_and_1/RewardConditionedMaskLMReward1/configs/TAL_test_epoch5_lr1e-5.yaml,exp/results/repro/reward_conditioned_lm/no_audio_conditioning/rob124_384_dropout_reward_conditioning/all_dataset_fixed_rewards_0_and_1/RewardConditionedMaskLMReward1/TAL_test_epoch5_lr1e-5.txt,complete,0.165702,0.155694,-0.010009,-6.04
fixed_reward_1.0,fixed conditioning reward 1.0,1.0,TAL,this_american_life,test,RewardConditionedMaskLMReward1,2,123457,1,1e-5,exp/results/repro/reward_conditioned_lm/no_audio_conditioning/rob124_384_dropout_reward_conditioning/all_dataset_fixed_rewards_0_and_1/RewardConditionedMaskLMReward1/configs/TAL_test_epoch1_lr1e-5_repeat2.yaml,exp/results/repro/reward_conditioned_lm/no_audio_conditioning/rob124_384_dropout_reward_conditioning/all_dataset_fixed_rewards_0_and_1/RewardConditionedMaskLMReward1/TAL_test_epoch1_lr1e-5_repeat2.txt,complete,0.165691,0.158939,-0.006752,-4.08
fixed_reward_1.0,fixed conditioning reward 1.0,1.0,TAL,this_american_life,test,RewardConditionedMaskLMReward1,2,123457,5,1e-5,exp/results/repro/reward_conditioned_lm/no_audio_conditioning/rob124_384_dropout_reward_conditioning/all_dataset_fixed_rewards_0_and_1/RewardConditionedMaskLMReward1/configs/TAL_test_epoch5_lr1e-5_repeat2.yaml,exp/results/repro/reward_conditioned_lm/no_audio_conditioning/rob124_384_dropout_reward_conditioning/all_dataset_fixed_rewards_0_and_1/RewardConditionedMaskLMReward1/TAL_test_epoch5_lr1e-5_repeat2.txt,complete,0.165686,0.159142,-0.006544,-3.95
fixed_reward_1.0,fixed conditioning reward 1.0,1.0,TAL,this_american_life,test,RewardConditionedMaskLMReward1,3,123458,1,1e-5,exp/results/repro/reward_conditioned_lm/no_audio_conditioning/rob124_384_dropout_reward_conditioning/all_dataset_fixed_rewards_0_and_1/RewardConditionedMaskLMReward1/configs/TAL_test_epoch1_lr1e-5_repeat3.yaml,exp/results/repro/reward_conditioned_lm/no_audio_conditioning/rob124_384_dropout_reward_conditioning/all_dataset_fixed_rewards_0_and_1/RewardConditionedMaskLMReward1/TAL_test_epoch1_lr1e-5_repeat3.txt,complete,0.165691,0.158454,-0.007237,-4.37
fixed_reward_1.0,fixed conditioning reward 1.0,1.0,TAL,this_american_life,test,RewardConditionedMaskLMReward1,3,123458,5,1e-5,exp/results/repro/reward_conditioned_lm/no_audio_conditioning/rob124_384_dropout_reward_conditioning/all_dataset_fixed_rewards_0_and_1/RewardConditionedMaskLMReward1/configs/TAL_test_epoch5_lr1e-5_repeat3.yaml,exp/results/repro/reward_conditioned_lm/no_audio_conditioning/rob124_384_dropout_reward_conditioning/all_dataset_fixed_rewards_0_and_1/RewardConditionedMaskLMReward1/TAL_test_epoch5_lr1e-5_repeat3.txt,complete,0.165691,0.155386,-0.010305,-6.22
fixed_reward_1.0,fixed conditioning reward 1.0,1.0,chime6,chime6,test,RewardConditionedMaskLMReward1,1,123456,1,1e-5,exp/results/repro/reward_conditioned_lm/no_audio_conditioning/rob124_384_dropout_reward_conditioning/all_dataset_fixed_rewards_0_and_1/RewardConditionedMaskLMReward1/configs/chime6_test_epoch1_lr1e-5.yaml,exp/results/repro/reward_conditioned_lm/no_audio_conditioning/rob124_384_dropout_reward_conditioning/all_dataset_fixed_rewards_0_and_1/RewardConditionedMaskLMReward1/chime6_test_epoch1_lr1e-5.txt,complete,0.843620,0.830649,-0.012971,-1.54
fixed_reward_1.0,fixed conditioning reward 1.0,1.0,chime6,chime6,test,RewardConditionedMaskLMReward1,1,123456,5,1e-5,exp/results/repro/reward_conditioned_lm/no_audio_conditioning/rob124_384_dropout_reward_conditioning/all_dataset_fixed_rewards_0_and_1/RewardConditionedMaskLMReward1/configs/chime6_test_epoch5_lr1e-5.yaml,exp/results/repro/reward_conditioned_lm/no_audio_conditioning/rob124_384_dropout_reward_conditioning/all_dataset_fixed_rewards_0_and_1/RewardConditionedMaskLMReward1/chime6_test_epoch5_lr1e-5.txt,complete,0.843620,1.000000,0.156380,18.54
fixed_reward_1.0,fixed conditioning reward 1.0,1.0,chime6,chime6,test,RewardConditionedMaskLMReward1,2,123457,1,1e-5,exp/results/repro/reward_conditioned_lm/no_audio_conditioning/rob124_384_dropout_reward_conditioning/all_dataset_fixed_rewards_0_and_1/RewardConditionedMaskLMReward1/configs/chime6_test_epoch1_lr1e-5_repeat2.yaml,exp/results/repro/reward_conditioned_lm/no_audio_conditioning/rob124_384_dropout_reward_conditioning/all_dataset_fixed_rewards_0_and_1/RewardConditionedMaskLMReward1/chime6_test_epoch1_lr1e-5_repeat2.txt,complete,0.843620,0.828569,-0.015051,-1.78
fixed_reward_1.0,fixed conditioning reward 1.0,1.0,chime6,chime6,test,RewardConditionedMaskLMReward1,2,123457,5,1e-5,exp/results/repro/reward_conditioned_lm/no_audio_conditioning/rob124_384_dropout_reward_conditioning/all_dataset_fixed_rewards_0_and_1/RewardConditionedMaskLMReward1/configs/chime6_test_epoch5_lr1e-5_repeat2.yaml,exp/results/repro/reward_conditioned_lm/no_audio_conditioning/rob124_384_dropout_reward_conditioning/all_dataset_fixed_rewards_0_and_1/RewardConditionedMaskLMReward1/chime6_test_epoch5_lr1e-5_repeat2.txt,complete,0.843585,1.000000,0.156415,18.54
fixed_reward_1.0,fixed conditioning reward 1.0,1.0,chime6,chime6,test,RewardConditionedMaskLMReward1,3,123458,1,1e-5,exp/results/repro/reward_conditioned_lm/no_audio_conditioning/rob124_384_dropout_reward_conditioning/all_dataset_fixed_rewards_0_and_1/RewardConditionedMaskLMReward1/configs/chime6_test_epoch1_lr1e-5_repeat3.yaml,exp/results/repro/reward_conditioned_lm/no_audio_conditioning/rob124_384_dropout_reward_conditioning/all_dataset_fixed_rewards_0_and_1/RewardConditionedMaskLMReward1/chime6_test_epoch1_lr1e-5_repeat3.txt,complete,0.843638,0.822506,-0.021131,-2.50
fixed_reward_1.0,fixed conditioning reward 1.0,1.0,chime6,chime6,test,RewardConditionedMaskLMReward1,3,123458,5,1e-5,exp/results/repro/reward_conditioned_lm/no_audio_conditioning/rob124_384_dropout_reward_conditioning/all_dataset_fixed_rewards_0_and_1/RewardConditionedMaskLMReward1/configs/chime6_test_epoch5_lr1e-5_repeat3.yaml,exp/results/repro/reward_conditioned_lm/no_audio_conditioning/rob124_384_dropout_reward_conditioning/all_dataset_fixed_rewards_0_and_1/RewardConditionedMaskLMReward1/chime6_test_epoch5_lr1e-5_repeat3.txt,complete,0.843620,1.000000,0.156380,18.54
fixed_reward_0.0,fixed conditioning reward 0.0,0.0,tedlium,tedlium,test,RewardConditionedMaskLMReward0,1,123456,1,1e-5,exp/results/repro/reward_conditioned_lm/no_audio_conditioning/rob124_384_dropout_reward_conditioning/all_dataset_fixed_rewards_0_and_1/RewardConditionedMaskLMReward0/configs/tedlium_test_epoch1_lr1e-5.yaml,exp/results/repro/reward_conditioned_lm/no_audio_conditioning/rob124_384_dropout_reward_conditioning/all_dataset_fixed_rewards_0_and_1/RewardConditionedMaskLMReward0/tedlium_test_epoch1_lr1e-5.txt,complete,0.085345,0.079320,-0.006025,-7.06
fixed_reward_0.0,fixed conditioning reward 0.0,0.0,tedlium,tedlium,test,RewardConditionedMaskLMReward0,1,123456,5,1e-5,exp/results/repro/reward_conditioned_lm/no_audio_conditioning/rob124_384_dropout_reward_conditioning/all_dataset_fixed_rewards_0_and_1/RewardConditionedMaskLMReward0/configs/tedlium_test_epoch5_lr1e-5.yaml,exp/results/repro/reward_conditioned_lm/no_audio_conditioning/rob124_384_dropout_reward_conditioning/all_dataset_fixed_rewards_0_and_1/RewardConditionedMaskLMReward0/tedlium_test_epoch5_lr1e-5.txt,complete,0.085345,0.074712,-0.010633,-12.46
fixed_reward_0.0,fixed conditioning reward 0.0,0.0,tedlium,tedlium,test,RewardConditionedMaskLMReward0,2,123457,1,1e-5,exp/results/repro/reward_conditioned_lm/no_audio_conditioning/rob124_384_dropout_reward_conditioning/all_dataset_fixed_rewards_0_and_1/RewardConditionedMaskLMReward0/configs/tedlium_test_epoch1_lr1e-5_repeat2.yaml,exp/results/repro/reward_conditioned_lm/no_audio_conditioning/rob124_384_dropout_reward_conditioning/all_dataset_fixed_rewards_0_and_1/RewardConditionedMaskLMReward0/tedlium_test_epoch1_lr1e-5_repeat2.txt,complete,0.085345,0.078646,-0.006699,-7.85
fixed_reward_0.0,fixed conditioning reward 0.0,0.0,tedlium,tedlium,test,RewardConditionedMaskLMReward0,2,123457,5,1e-5,exp/results/repro/reward_conditioned_lm/no_audio_conditioning/rob124_384_dropout_reward_conditioning/all_dataset_fixed_rewards_0_and_1/RewardConditionedMaskLMReward0/configs/tedlium_test_epoch5_lr1e-5_repeat2.yaml,exp/results/repro/reward_conditioned_lm/no_audio_conditioning/rob124_384_dropout_reward_conditioning/all_dataset_fixed_rewards_0_and_1/RewardConditionedMaskLMReward0/tedlium_test_epoch5_lr1e-5_repeat2.txt,complete,0.085345,0.075563,-0.009782,-11.46
fixed_reward_0.0,fixed conditioning reward 0.0,0.0,tedlium,tedlium,test,RewardConditionedMaskLMReward0,3,123458,1,1e-5,exp/results/repro/reward_conditioned_lm/no_audio_conditioning/rob124_384_dropout_reward_conditioning/all_dataset_fixed_rewards_0_and_1/RewardConditionedMaskLMReward0/configs/tedlium_test_epoch1_lr1e-5_repeat3.yaml,exp/results/repro/reward_conditioned_lm/no_audio_conditioning/rob124_384_dropout_reward_conditioning/all_dataset_fixed_rewards_0_and_1/RewardConditionedMaskLMReward0/tedlium_test_epoch1_lr1e-5_repeat3.txt,complete,0.085345,0.079213,-0.006131,-7.18
fixed_reward_0.0,fixed conditioning reward 0.0,0.0,tedlium,tedlium,test,RewardConditionedMaskLMReward0,3,123458,5,1e-5,exp/results/repro/reward_conditioned_lm/no_audio_conditioning/rob124_384_dropout_reward_conditioning/all_dataset_fixed_rewards_0_and_1/RewardConditionedMaskLMReward0/configs/tedlium_test_epoch5_lr1e-5_repeat3.yaml,exp/results/repro/reward_conditioned_lm/no_audio_conditioning/rob124_384_dropout_reward_conditioning/all_dataset_fixed_rewards_0_and_1/RewardConditionedMaskLMReward0/tedlium_test_epoch5_lr1e-5_repeat3.txt,complete,0.085345,0.075669,-0.009676,-11.34
fixed_reward_0.0,fixed conditioning reward 0.0,0.0,earnings22,earnings22,test,RewardConditionedMaskLMReward0,1,123456,1,1e-5,exp/results/repro/reward_conditioned_lm/no_audio_conditioning/rob124_384_dropout_reward_conditioning/all_dataset_fixed_rewards_0_and_1/RewardConditionedMaskLMReward0/configs/earnings22_test_epoch1_lr1e-5.yaml,exp/results/repro/reward_conditioned_lm/no_audio_conditioning/rob124_384_dropout_reward_conditioning/all_dataset_fixed_rewards_0_and_1/RewardConditionedMaskLMReward0/earnings22_test_epoch1_lr1e-5.txt,complete,0.235218,0.202091,-0.033127,-14.08
fixed_reward_0.0,fixed conditioning reward 0.0,0.0,earnings22,earnings22,test,RewardConditionedMaskLMReward0,1,123456,5,1e-5,exp/results/repro/reward_conditioned_lm/no_audio_conditioning/rob124_384_dropout_reward_conditioning/all_dataset_fixed_rewards_0_and_1/RewardConditionedMaskLMReward0/configs/earnings22_test_epoch5_lr1e-5.yaml,exp/results/repro/reward_conditioned_lm/no_audio_conditioning/rob124_384_dropout_reward_conditioning/all_dataset_fixed_rewards_0_and_1/RewardConditionedMaskLMReward0/earnings22_test_epoch5_lr1e-5.txt,complete,0.235239,0.185201,-0.050038,-21.27
fixed_reward_0.0,fixed conditioning reward 0.0,0.0,earnings22,earnings22,test,RewardConditionedMaskLMReward0,2,123457,1,1e-5,exp/results/repro/reward_conditioned_lm/no_audio_conditioning/rob124_384_dropout_reward_conditioning/all_dataset_fixed_rewards_0_and_1/RewardConditionedMaskLMReward0/configs/earnings22_test_epoch1_lr1e-5_repeat2.yaml,exp/results/repro/reward_conditioned_lm/no_audio_conditioning/rob124_384_dropout_reward_conditioning/all_dataset_fixed_rewards_0_and_1/RewardConditionedMaskLMReward0/earnings22_test_epoch1_lr1e-5_repeat2.txt,complete,0.235239,0.203725,-0.031514,-13.40
fixed_reward_0.0,fixed conditioning reward 0.0,0.0,earnings22,earnings22,test,RewardConditionedMaskLMReward0,2,123457,5,1e-5,exp/results/repro/reward_conditioned_lm/no_audio_conditioning/rob124_384_dropout_reward_conditioning/all_dataset_fixed_rewards_0_and_1/RewardConditionedMaskLMReward0/configs/earnings22_test_epoch5_lr1e-5_repeat2.yaml,exp/results/repro/reward_conditioned_lm/no_audio_conditioning/rob124_384_dropout_reward_conditioning/all_dataset_fixed_rewards_0_and_1/RewardConditionedMaskLMReward0/earnings22_test_epoch5_lr1e-5_repeat2.txt,complete,0.235198,0.184895,-0.050303,-21.39
fixed_reward_0.0,fixed conditioning reward 0.0,0.0,earnings22,earnings22,test,RewardConditionedMaskLMReward0,3,123458,1,1e-5,exp/results/repro/reward_conditioned_lm/no_audio_conditioning/rob124_384_dropout_reward_conditioning/all_dataset_fixed_rewards_0_and_1/RewardConditionedMaskLMReward0/configs/earnings22_test_epoch1_lr1e-5_repeat3.yaml,exp/results/repro/reward_conditioned_lm/no_audio_conditioning/rob124_384_dropout_reward_conditioning/all_dataset_fixed_rewards_0_and_1/RewardConditionedMaskLMReward0/earnings22_test_epoch1_lr1e-5_repeat3.txt,complete,0.235218,0.200335,-0.034883,-14.83
fixed_reward_0.0,fixed conditioning reward 0.0,0.0,earnings22,earnings22,test,RewardConditionedMaskLMReward0,3,123458,5,1e-5,exp/results/repro/reward_conditioned_lm/no_audio_conditioning/rob124_384_dropout_reward_conditioning/all_dataset_fixed_rewards_0_and_1/RewardConditionedMaskLMReward0/configs/earnings22_test_epoch5_lr1e-5_repeat3.yaml,exp/results/repro/reward_conditioned_lm/no_audio_conditioning/rob124_384_dropout_reward_conditioning/all_dataset_fixed_rewards_0_and_1/RewardConditionedMaskLMReward0/earnings22_test_epoch5_lr1e-5_repeat3.txt,complete,0.235239,0.187141,-0.048098,-20.45
fixed_reward_0.0,fixed conditioning reward 0.0,0.0,rev16,rev16,test,RewardConditionedMaskLMReward0,1,123456,1,1e-5,exp/results/repro/reward_conditioned_lm/no_audio_conditioning/rob124_384_dropout_reward_conditioning/all_dataset_fixed_rewards_0_and_1/RewardConditionedMaskLMReward0/configs/rev16_test_epoch1_lr1e-5.yaml,exp/results/repro/reward_conditioned_lm/no_audio_conditioning/rob124_384_dropout_reward_conditioning/all_dataset_fixed_rewards_0_and_1/RewardConditionedMaskLMReward0/rev16_test_epoch1_lr1e-5.txt,complete,0.172504,0.166402,-0.006102,-3.54
fixed_reward_0.0,fixed conditioning reward 0.0,0.0,rev16,rev16,test,RewardConditionedMaskLMReward0,1,123456,5,1e-5,exp/results/repro/reward_conditioned_lm/no_audio_conditioning/rob124_384_dropout_reward_conditioning/all_dataset_fixed_rewards_0_and_1/RewardConditionedMaskLMReward0/configs/rev16_test_epoch5_lr1e-5.yaml,exp/results/repro/reward_conditioned_lm/no_audio_conditioning/rob124_384_dropout_reward_conditioning/all_dataset_fixed_rewards_0_and_1/RewardConditionedMaskLMReward0/rev16_test_epoch5_lr1e-5.txt,complete,0.172504,0.163593,-0.008911,-5.17
fixed_reward_0.0,fixed conditioning reward 0.0,0.0,rev16,rev16,test,RewardConditionedMaskLMReward0,2,123457,1,1e-5,exp/results/repro/reward_conditioned_lm/no_audio_conditioning/rob124_384_dropout_reward_conditioning/all_dataset_fixed_rewards_0_and_1/RewardConditionedMaskLMReward0/configs/rev16_test_epoch1_lr1e-5_repeat2.yaml,exp/results/repro/reward_conditioned_lm/no_audio_conditioning/rob124_384_dropout_reward_conditioning/all_dataset_fixed_rewards_0_and_1/RewardConditionedMaskLMReward0/rev16_test_epoch1_lr1e-5_repeat2.txt,complete,0.172571,0.167122,-0.005449,-3.16
fixed_reward_0.0,fixed conditioning reward 0.0,0.0,rev16,rev16,test,RewardConditionedMaskLMReward0,2,123457,5,1e-5,exp/results/repro/reward_conditioned_lm/no_audio_conditioning/rob124_384_dropout_reward_conditioning/all_dataset_fixed_rewards_0_and_1/RewardConditionedMaskLMReward0/configs/rev16_test_epoch5_lr1e-5_repeat2.yaml,exp/results/repro/reward_conditioned_lm/no_audio_conditioning/rob124_384_dropout_reward_conditioning/all_dataset_fixed_rewards_0_and_1/RewardConditionedMaskLMReward0/rev16_test_epoch5_lr1e-5_repeat2.txt,complete,0.172576,0.162342,-0.010233,-5.93
fixed_reward_0.0,fixed conditioning reward 0.0,0.0,rev16,rev16,test,RewardConditionedMaskLMReward0,3,123458,1,1e-5,exp/results/repro/reward_conditioned_lm/no_audio_conditioning/rob124_384_dropout_reward_conditioning/all_dataset_fixed_rewards_0_and_1/RewardConditionedMaskLMReward0/configs/rev16_test_epoch1_lr1e-5_repeat3.yaml,exp/results/repro/reward_conditioned_lm/no_audio_conditioning/rob124_384_dropout_reward_conditioning/all_dataset_fixed_rewards_0_and_1/RewardConditionedMaskLMReward0/rev16_test_epoch1_lr1e-5_repeat3.txt,complete,0.172576,0.167015,-0.005561,-3.22
fixed_reward_0.0,fixed conditioning reward 0.0,0.0,rev16,rev16,test,RewardConditionedMaskLMReward0,3,123458,5,1e-5,exp/results/repro/reward_conditioned_lm/no_audio_conditioning/rob124_384_dropout_reward_conditioning/all_dataset_fixed_rewards_0_and_1/RewardConditionedMaskLMReward0/configs/rev16_test_epoch5_lr1e-5_repeat3.yaml,exp/results/repro/reward_conditioned_lm/no_audio_conditioning/rob124_384_dropout_reward_conditioning/all_dataset_fixed_rewards_0_and_1/RewardConditionedMaskLMReward0/rev16_test_epoch5_lr1e-5_repeat3.txt,complete,0.172571,0.162751,-0.009820,-5.69
fixed_reward_0.0,fixed conditioning reward 0.0,0.0,TAL,this_american_life,test,RewardConditionedMaskLMReward0,1,123456,1,1e-5,exp/results/repro/reward_conditioned_lm/no_audio_conditioning/rob124_384_dropout_reward_conditioning/all_dataset_fixed_rewards_0_and_1/RewardConditionedMaskLMReward0/configs/TAL_test_epoch1_lr1e-5.yaml,exp/results/repro/reward_conditioned_lm/no_audio_conditioning/rob124_384_dropout_reward_conditioning/all_dataset_fixed_rewards_0_and_1/RewardConditionedMaskLMReward0/TAL_test_epoch1_lr1e-5.txt,complete,0.165694,0.162852,-0.002842,-1.72
fixed_reward_0.0,fixed conditioning reward 0.0,0.0,TAL,this_american_life,test,RewardConditionedMaskLMReward0,1,123456,5,1e-5,exp/results/repro/reward_conditioned_lm/no_audio_conditioning/rob124_384_dropout_reward_conditioning/all_dataset_fixed_rewards_0_and_1/RewardConditionedMaskLMReward0/configs/TAL_test_epoch5_lr1e-5.yaml,exp/results/repro/reward_conditioned_lm/no_audio_conditioning/rob124_384_dropout_reward_conditioning/all_dataset_fixed_rewards_0_and_1/RewardConditionedMaskLMReward0/TAL_test_epoch5_lr1e-5.txt,complete,0.165700,0.159556,-0.006143,-3.71
fixed_reward_0.0,fixed conditioning reward 0.0,0.0,TAL,this_american_life,test,RewardConditionedMaskLMReward0,2,123457,1,1e-5,exp/results/repro/reward_conditioned_lm/no_audio_conditioning/rob124_384_dropout_reward_conditioning/all_dataset_fixed_rewards_0_and_1/RewardConditionedMaskLMReward0/configs/TAL_test_epoch1_lr1e-5_repeat2.yaml,exp/results/repro/reward_conditioned_lm/no_audio_conditioning/rob124_384_dropout_reward_conditioning/all_dataset_fixed_rewards_0_and_1/RewardConditionedMaskLMReward0/TAL_test_epoch1_lr1e-5_repeat2.txt,complete,0.165688,0.162900,-0.002788,-1.68
fixed_reward_0.0,fixed conditioning reward 0.0,0.0,TAL,this_american_life,test,RewardConditionedMaskLMReward0,2,123457,5,1e-5,exp/results/repro/reward_conditioned_lm/no_audio_conditioning/rob124_384_dropout_reward_conditioning/all_dataset_fixed_rewards_0_and_1/RewardConditionedMaskLMReward0/configs/TAL_test_epoch5_lr1e-5_repeat2.yaml,exp/results/repro/reward_conditioned_lm/no_audio_conditioning/rob124_384_dropout_reward_conditioning/all_dataset_fixed_rewards_0_and_1/RewardConditionedMaskLMReward0/TAL_test_epoch5_lr1e-5_repeat2.txt,complete,0.165691,0.160120,-0.005571,-3.36
fixed_reward_0.0,fixed conditioning reward 0.0,0.0,TAL,this_american_life,test,RewardConditionedMaskLMReward0,3,123458,1,1e-5,exp/results/repro/reward_conditioned_lm/no_audio_conditioning/rob124_384_dropout_reward_conditioning/all_dataset_fixed_rewards_0_and_1/RewardConditionedMaskLMReward0/configs/TAL_test_epoch1_lr1e-5_repeat3.yaml,exp/results/repro/reward_conditioned_lm/no_audio_conditioning/rob124_384_dropout_reward_conditioning/all_dataset_fixed_rewards_0_and_1/RewardConditionedMaskLMReward0/TAL_test_epoch1_lr1e-5_repeat3.txt,complete,0.165691,0.162875,-0.002817,-1.70
fixed_reward_0.0,fixed conditioning reward 0.0,0.0,TAL,this_american_life,test,RewardConditionedMaskLMReward0,3,123458,5,1e-5,exp/results/repro/reward_conditioned_lm/no_audio_conditioning/rob124_384_dropout_reward_conditioning/all_dataset_fixed_rewards_0_and_1/RewardConditionedMaskLMReward0/configs/TAL_test_epoch5_lr1e-5_repeat3.yaml,exp/results/repro/reward_conditioned_lm/no_audio_conditioning/rob124_384_dropout_reward_conditioning/all_dataset_fixed_rewards_0_and_1/RewardConditionedMaskLMReward0/TAL_test_epoch5_lr1e-5_repeat3.txt,complete,0.165686,0.159567,-0.006118,-3.69
fixed_reward_0.0,fixed conditioning reward 0.0,0.0,chime6,chime6,test,RewardConditionedMaskLMReward0,1,123456,1,1e-5,exp/results/repro/reward_conditioned_lm/no_audio_conditioning/rob124_384_dropout_reward_conditioning/all_dataset_fixed_rewards_0_and_1/RewardConditionedMaskLMReward0/configs/chime6_test_epoch1_lr1e-5.yaml,exp/results/repro/reward_conditioned_lm/no_audio_conditioning/rob124_384_dropout_reward_conditioning/all_dataset_fixed_rewards_0_and_1/RewardConditionedMaskLMReward0/chime6_test_epoch1_lr1e-5.txt,complete,0.843585,0.813359,-0.030226,-3.58
fixed_reward_0.0,fixed conditioning reward 0.0,0.0,chime6,chime6,test,RewardConditionedMaskLMReward0,1,123456,5,1e-5,exp/results/repro/reward_conditioned_lm/no_audio_conditioning/rob124_384_dropout_reward_conditioning/all_dataset_fixed_rewards_0_and_1/RewardConditionedMaskLMReward0/configs/chime6_test_epoch5_lr1e-5.yaml,exp/results/repro/reward_conditioned_lm/no_audio_conditioning/rob124_384_dropout_reward_conditioning/all_dataset_fixed_rewards_0_and_1/RewardConditionedMaskLMReward0/chime6_test_epoch5_lr1e-5.txt,complete,0.843620,0.808213,-0.035407,-4.20
fixed_reward_0.0,fixed conditioning reward 0.0,0.0,chime6,chime6,test,RewardConditionedMaskLMReward0,2,123457,1,1e-5,exp/results/repro/reward_conditioned_lm/no_audio_conditioning/rob124_384_dropout_reward_conditioning/all_dataset_fixed_rewards_0_and_1/RewardConditionedMaskLMReward0/configs/chime6_test_epoch1_lr1e-5_repeat2.yaml,exp/results/repro/reward_conditioned_lm/no_audio_conditioning/rob124_384_dropout_reward_conditioning/all_dataset_fixed_rewards_0_and_1/RewardConditionedMaskLMReward0/chime6_test_epoch1_lr1e-5_repeat2.txt,complete,0.843585,0.809764,-0.033821,-4.01
fixed_reward_0.0,fixed conditioning reward 0.0,0.0,chime6,chime6,test,RewardConditionedMaskLMReward0,2,123457,5,1e-5,exp/results/repro/reward_conditioned_lm/no_audio_conditioning/rob124_384_dropout_reward_conditioning/all_dataset_fixed_rewards_0_and_1/RewardConditionedMaskLMReward0/configs/chime6_test_epoch5_lr1e-5_repeat2.yaml,exp/results/repro/reward_conditioned_lm/no_audio_conditioning/rob124_384_dropout_reward_conditioning/all_dataset_fixed_rewards_0_and_1/RewardConditionedMaskLMReward0/chime6_test_epoch5_lr1e-5_repeat2.txt,complete,0.843638,0.816091,-0.027547,-3.27
fixed_reward_0.0,fixed conditioning reward 0.0,0.0,chime6,chime6,test,RewardConditionedMaskLMReward0,3,123458,1,1e-5,exp/results/repro/reward_conditioned_lm/no_audio_conditioning/rob124_384_dropout_reward_conditioning/all_dataset_fixed_rewards_0_and_1/RewardConditionedMaskLMReward0/configs/chime6_test_epoch1_lr1e-5_repeat3.yaml,exp/results/repro/reward_conditioned_lm/no_audio_conditioning/rob124_384_dropout_reward_conditioning/all_dataset_fixed_rewards_0_and_1/RewardConditionedMaskLMReward0/chime6_test_epoch1_lr1e-5_repeat3.txt,complete,0.843620,0.814910,-0.028710,-3.40
fixed_reward_0.0,fixed conditioning reward 0.0,0.0,chime6,chime6,test,RewardConditionedMaskLMReward0,3,123458,5,1e-5,exp/results/repro/reward_conditioned_lm/no_audio_conditioning/rob124_384_dropout_reward_conditioning/all_dataset_fixed_rewards_0_and_1/RewardConditionedMaskLMReward0/configs/chime6_test_epoch5_lr1e-5_repeat3.yaml,exp/results/repro/reward_conditioned_lm/no_audio_conditioning/rob124_384_dropout_reward_conditioning/all_dataset_fixed_rewards_0_and_1/RewardConditionedMaskLMReward0/chime6_test_epoch5_lr1e-5_repeat3.txt,complete,0.843585,0.999982,0.156398,18.54
