dataset_tag,dataset,split,method,repeat,seed,epochs,lr,result_path,status,original_wer,updated_wer,absolute_delta,relative_delta_pct
tedlium,tedlium,test,UFMR,1,123456,1,1e-5,exp/results/repro/large_asr_transfer/ufmr_rfm_90m_seq2048/results/UFMR/tedlium_epoch1_lr1e-5.txt,complete,0.065426,0.059862,-0.005564,-8.50
tedlium,tedlium,test,UFMR,2,123457,1,1e-5,exp/results/repro/large_asr_transfer/ufmr_rfm_90m_seq2048/results/UFMR/tedlium_epoch1_lr1e-5_repeat2.txt,complete,0.065426,0.058869,-0.006557,-10.02
tedlium,tedlium,test,UFMR,3,123458,1,1e-5,exp/results/repro/large_asr_transfer/ufmr_rfm_90m_seq2048/results/UFMR/tedlium_epoch1_lr1e-5_repeat3.txt,complete,0.065426,0.059614,-0.005813,-8.88
tedlium,tedlium,test,RFM,1,123456,1,1e-5,exp/results/repro/large_asr_transfer/ufmr_rfm_90m_seq2048/results/RFM/tedlium_epoch1_lr1e-5.txt,complete,0.065426,0.060677,-0.004749,-7.26
tedlium,tedlium,test,RFM,2,123457,1,1e-5,exp/results/repro/large_asr_transfer/ufmr_rfm_90m_seq2048/results/RFM/tedlium_epoch1_lr1e-5_repeat2.txt,complete,0.065426,0.059153,-0.006273,-9.59
tedlium,tedlium,test,RFM,3,123458,1,1e-5,exp/results/repro/large_asr_transfer/ufmr_rfm_90m_seq2048/results/RFM/tedlium_epoch1_lr1e-5_repeat3.txt,complete,0.065426,0.060004,-0.005423,-8.29
earnings22,earnings22,test,UFMR,1,123456,1,1e-5,exp/results/repro/large_asr_transfer/ufmr_rfm_90m_seq2048/results/UFMR/earnings22_epoch1_lr1e-5.txt,complete,0.195495,0.149256,-0.046239,-23.65
earnings22,earnings22,test,UFMR,2,123457,1,1e-5,exp/results/repro/large_asr_transfer/ufmr_rfm_90m_seq2048/results/UFMR/earnings22_epoch1_lr1e-5_repeat2.txt,complete,0.195454,0.149051,-0.046402,-23.74
earnings22,earnings22,test,UFMR,3,123458,1,1e-5,exp/results/repro/large_asr_transfer/ufmr_rfm_90m_seq2048/results/UFMR/earnings22_epoch1_lr1e-5_repeat3.txt,complete,0.195474,0.151890,-0.043584,-22.30
earnings22,earnings22,test,RFM,1,123456,1,1e-5,exp/results/repro/large_asr_transfer/ufmr_rfm_90m_seq2048/results/RFM/earnings22_epoch1_lr1e-5.txt,complete,0.195495,0.155954,-0.039540,-20.23
earnings22,earnings22,test,RFM,2,123457,1,1e-5,exp/results/repro/large_asr_transfer/ufmr_rfm_90m_seq2048/results/RFM/earnings22_epoch1_lr1e-5_repeat2.txt,complete,0.195474,0.156097,-0.039377,-20.14
earnings22,earnings22,test,RFM,3,123458,1,1e-5,exp/results/repro/large_asr_transfer/ufmr_rfm_90m_seq2048/results/RFM/earnings22_epoch1_lr1e-5_repeat3.txt,complete,0.195454,0.156567,-0.038887,-19.90
chime6,chime6,test,UFMR,1,123456,1,1e-5,exp/results/repro/large_asr_transfer/ufmr_rfm_90m_seq2048/results/UFMR/chime6_epoch1_lr1e-5.txt,complete,0.852697,0.591558,-0.261139,-30.63
chime6,chime6,test,UFMR,2,123457,1,1e-5,exp/results/repro/large_asr_transfer/ufmr_rfm_90m_seq2048/results/UFMR/chime6_epoch1_lr1e-5_repeat2.txt,complete,0.852661,0.582358,-0.270303,-31.70
chime6,chime6,test,UFMR,3,123458,1,1e-5,exp/results/repro/large_asr_transfer/ufmr_rfm_90m_seq2048/results/UFMR/chime6_epoch1_lr1e-5_repeat3.txt,complete,0.852661,0.588474,-0.264188,-30.98
chime6,chime6,test,RFM,1,123456,1,1e-5,exp/results/repro/large_asr_transfer/ufmr_rfm_90m_seq2048/results/RFM/chime6_epoch1_lr1e-5.txt,complete,0.852697,0.607067,-0.245629,-28.81
chime6,chime6,test,RFM,2,123457,1,1e-5,exp/results/repro/large_asr_transfer/ufmr_rfm_90m_seq2048/results/RFM/chime6_epoch1_lr1e-5_repeat2.txt,complete,0.852661,0.616161,-0.236500,-27.74
chime6,chime6,test,RFM,3,123458,1,1e-5,exp/results/repro/large_asr_transfer/ufmr_rfm_90m_seq2048/results/RFM/chime6_epoch1_lr1e-5_repeat3.txt,complete,0.852661,0.607103,-0.245559,-28.80
rev16,rev16,test,UFMR,1,123456,1,1e-5,exp/results/repro/large_asr_transfer/ufmr_rfm_90m_seq2048/results/UFMR/rev16_epoch1_lr1e-5.txt,complete,0.152681,0.140875,-0.011806,-7.73
rev16,rev16,test,UFMR,2,123457,1,1e-5,exp/results/repro/large_asr_transfer/ufmr_rfm_90m_seq2048/results/UFMR/rev16_epoch1_lr1e-5_repeat2.txt,complete,0.152548,0.140405,-0.012143,-7.96
rev16,rev16,test,UFMR,3,123458,1,1e-5,exp/results/repro/large_asr_transfer/ufmr_rfm_90m_seq2048/results/UFMR/rev16_epoch1_lr1e-5_repeat3.txt,complete,0.152548,0.140712,-0.011837,-7.76
rev16,rev16,test,RFM,1,123456,1,1e-5,exp/results/repro/large_asr_transfer/ufmr_rfm_90m_seq2048/results/RFM/rev16_epoch1_lr1e-5.txt,complete,0.152681,0.142269,-0.010412,-6.82
rev16,rev16,test,RFM,2,123457,1,1e-5,exp/results/repro/large_asr_transfer/ufmr_rfm_90m_seq2048/results/RFM/rev16_epoch1_lr1e-5_repeat2.txt,complete,0.152548,0.142826,-0.009723,-6.37
rev16,rev16,test,RFM,3,123458,1,1e-5,exp/results/repro/large_asr_transfer/ufmr_rfm_90m_seq2048/results/RFM/rev16_epoch1_lr1e-5_repeat3.txt,complete,0.152548,0.142499,-0.010049,-6.59
TAL,this_american_life,test,UFMR,1,123456,1,1e-5,exp/results/repro/large_asr_transfer/ufmr_rfm_90m_seq2048/results/UFMR/TAL_epoch1_lr1e-5.txt,complete,0.139755,0.131779,-0.007976,-5.71
TAL,this_american_life,test,UFMR,2,123457,1,1e-5,exp/results/repro/large_asr_transfer/ufmr_rfm_90m_seq2048/results/UFMR/TAL_epoch1_lr1e-5_repeat2.txt,complete,0.139747,0.131554,-0.008193,-5.86
TAL,this_american_life,test,UFMR,3,123458,1,1e-5,exp/results/repro/large_asr_transfer/ufmr_rfm_90m_seq2048/results/UFMR/TAL_epoch1_lr1e-5_repeat3.txt,complete,0.139750,0.134077,-0.005673,-4.06
TAL,this_american_life,test,RFM,1,123456,1,1e-5,exp/results/repro/large_asr_transfer/ufmr_rfm_90m_seq2048/results/RFM/TAL_epoch1_lr1e-5.txt,complete,0.139755,0.132645,-0.007111,-5.09
TAL,this_american_life,test,RFM,2,123457,1,1e-5,exp/results/repro/large_asr_transfer/ufmr_rfm_90m_seq2048/results/RFM/TAL_epoch1_lr1e-5_repeat2.txt,complete,0.139750,0.133161,-0.006589,-4.71
TAL,this_american_life,test,RFM,3,123458,1,1e-5,exp/results/repro/large_asr_transfer/ufmr_rfm_90m_seq2048/results/RFM/TAL_epoch1_lr1e-5_repeat3.txt,complete,0.139750,0.132715,-0.007034,-5.03
